/*
SQLyog Community v13.1.9 (64 bit)
MySQL - 8.0.28 : Database - coolinarka
*********************************************************************
*/

/*!40101 SET NAMES utf8 */;

/*!40101 SET SQL_MODE=''*/;

/*!40014 SET @OLD_UNIQUE_CHECKS=@@UNIQUE_CHECKS, UNIQUE_CHECKS=0 */;
/*!40014 SET @OLD_FOREIGN_KEY_CHECKS=@@FOREIGN_KEY_CHECKS, FOREIGN_KEY_CHECKS=0 */;
/*!40101 SET @OLD_SQL_MODE=@@SQL_MODE, SQL_MODE='NO_AUTO_VALUE_ON_ZERO' */;
/*!40111 SET @OLD_SQL_NOTES=@@SQL_NOTES, SQL_NOTES=0 */;
CREATE DATABASE /*!32312 IF NOT EXISTS*/`coolinarka` /*!40100 DEFAULT CHARACTER SET utf8mb4 COLLATE utf8mb4_0900_ai_ci */ /*!80016 DEFAULT ENCRYPTION='N' */;

USE `coolinarka`;

/*Table structure for table `categories` */

DROP TABLE IF EXISTS `categories`;

CREATE TABLE `categories` (
  `category_id` int NOT NULL AUTO_INCREMENT,
  `category_name` varchar(50) NOT NULL,
  PRIMARY KEY (`category_id`),
  UNIQUE KEY `category_name` (`category_name`)
) ENGINE=InnoDB AUTO_INCREMENT=7 DEFAULT CHARSET=utf8mb4 COLLATE=utf8mb4_0900_ai_ci;

/*Data for the table `categories` */

insert  into `categories`(`category_id`,`category_name`) values 
(4,'Appetizer'),
(3,'Beverage'),
(6,'Dessert'),
(5,'Main Course'),
(1,'Salad'),
(2,'Soup');

/*Table structure for table `images` */

DROP TABLE IF EXISTS `images`;

CREATE TABLE `images` (
  `image_id` int NOT NULL AUTO_INCREMENT,
  `image_data` longtext,
  PRIMARY KEY (`image_id`)
) ENGINE=InnoDB AUTO_INCREMENT=8 DEFAULT CHARSET=utf8mb4 COLLATE=utf8mb4_0900_ai_ci;

/*Data for the table `images` */

insert  into `images`(`image_id`,`image_data`) values 
(1,'data:image/jpeg;base64,/9j/4AAQSkZJRgABAQAAAQABAAD/2wCEAAkGBxMSEhUSExIWFhUVFRUVGBYXFxcVFxgXFRUXFxgXFxcYHSggGB0lHRUVITEhJSkrLi4uFx8zODMsNygtLisBCgoKDg0OGhAQGy0lICUtLS0tLS0tLS8tMC0tLS0tLS0rLS0vLS0tLS0tLS0tLS0tLS0tLS0tLS0tLS0tLS0tLf/AABEIAOEA4QMBIgACEQEDEQH/xAAbAAABBQEBAAAAAAAAAAAAAAAEAQIDBQYAB//EAEIQAAEDAgMFBAgFAgUDBQEAAAEAAhEDIQQxQQUSUWFxBoGRoRMiMkKxwdHwFCNSYuFy8RUzQ5KigrLTFyRTs8IW/8QAGQEAAwEBAQAAAAAAAAAAAAAAAAECAwQF/8QALREAAgIBBAECAwgDAAAAAAAAAAECEQMSITFBBBNRMmFxBRRCUmKRseEzgdH/2gAMAwEAAhEDEQA/AMDXaot1FlkpfQrkujlYuBdCuaL5VVhWQVYURCzkSH0yrLAi4VVRV/sjDyQoXJUTc7BswK43xmVnGbRDG7rACRALid1jSdCdT+0XUmHomreoS/8AqBDO6lPm4zb2V3RlSpG9ljU2wzKmHVSP0CWjq8w0eKgdiq78gymOX5h/3WYPFEU6YFvDK3QAQO4BTj7P8qt3yOiuOFc72nvd1cQP9rAB/wAkg2Z+1vg2f+e+rVKjSh0VzcE4ZEDy/wCxrUj8I/8AX/yrf+RWBTCE6GANovHvz31f/IuLnagH/rqD4kotwULmqHBDsCc0a0x3ejPxYD5oXEYCg/2qcdzh/wAvXA8lZOamOaoeNDsz9XstTfJpOI6esB/t3j4gKpxWwq1MEgB7RqIjvIJA7ytfUw4N4vodR0OYSb1QGZn+qSe54IePFZvCWptcM8+e7dMOBaeYTgZyK3GJwVKqPXZunjbd8QA3xDT+5Z7afZk07tsOPu3yubt77HQlZOFGizVyVTC4FH4babmoF+GqszCZ6YjNqTxM2WVM0lDbfNWFHa4OqxrajSrvs/s8PJq1HRRp3ef1HRjeZUrHbpFa9rZp/wAU2lT9O8Akz6Jp95w94/tH3ovMtvbQq4ut6GmS5z3S49czy+iO7ZdpHVHbrR6xhrWDJrdGj7uVb9m9lN2fQ/EVRvV6mTTnPDoNV3QioROScnJlR/6bP/WuVv8A/wBHiv1j/aFyn7yg9FnmrVI1qRjEXQwxOixlI89shY1H4ekSjcHscnOyv8Js5rBlpry1We8toiUWyuwOzTafv7stFhsLu+rBLjoMzPEjIdLnkJcCqWELYt+Y8eqD7jf1GfeIOuQMXJIdb4HBtpji45uOs5/fjJW8MNG0YEOD2dEF9yBAAsADoAMugz1Ls1ZtCa26dIC1lOGNXJ0aJDwnhA4jaDGZunoqnE9pQMoHT6rin9pQW0E5CckuWabeTTWaNR8ViMT2ieSd2T3+Kr37aqEm8Tpke5YS83yJfDFL6mbzQR6I7FsHveSYccyc15ycTWebG3j807EPqCBv3NpEkLJ5/J/Mv2F6/wCk9EGPpT7ScMTSPvLy/fqzElx/bP2ERSfUHvEiMpvPyTebyF+Nft/Yln/SelhtM+8ErsI0ixC82p7TrASCehI+yj8L2hqzBHy+Kr735Mek/wDZSzw7TNs7Appwx1CosH2pj1XGL5FXWF20x2oWsPtOPGSLX8GsZRlwyRmHCf8AhIFrft90znbTuz1BRLKjXZGfj4KSF6EMkMiuLsoy+0Nk7vrNbbVh93m3i37/AGivOymVBLRyI1B4FbV7ZVFtDCPpvFak2bhr6Y94E5Dne3C4yKWnQ/l/ArozrOzO+8NFtSTk0DMnkEH2r2zTpU20aVqdOQwavdrUdzOnAK97W7aZRa6m0iP9Q8SP9MchrxNtFjOzGyHY6sa9X/JYbD9R4ffRaKKNL2DOxuww0HH4nqxuvIgcTp4p+Ox1WvULy3k0aNGgW2xGC3gARYZN0ChZs9oOSU46hRlW5jvQVP0rluvwg4Lln6KK9Vnk+FwE5AnoFpti7AqPIAbujiforg7cw7bU2T0CY3bNV3sAN8yq9CC5ZxJF/R2LQw7d6o4E8T8ghaNNlSoXbv5dMB5H6nE/ls8t8j+hC4LDOqvbvuJk3J0GvSytNmsmix8f5pdWI/rtTH/TTDR3K9ktjVKhaVOJcfadcn5dApOvglIkqt2ptD0dgYg3kZ/fBcfkeUsSpbsbdBWJxrWWkTwyCzW0NulziJyzMqq2hjXVC4DTrfhbQIKq1xz6eU/wvMcJZXqyu/kYSyt8BWIxDnxcQbxI+PBN9EA3LOc7ZfFD0KB/T9m4kHIZ3U9OpuwQBI0OmY+ea0qtkZ/UiAdN3Ak6EHwBhS0Q0esW3aLZgZ5m3CfBOlxMEzJtmCMr/BSehLRJdxkC2fMwk5BQjHXkWAJIm4k8ZtZJUxBgiRBOQNu4BJSAHukHS5Iy/ukqA3A4znef7RZKlYyelUBFuVvv6priTIsN7UibDSTzUbC4Zjuggx5BSVWCMzYBxE25W1U1TH0d6Mm/jEJBh7w2JHlPPVdScGgkk3EWAjXPhkpi4j2iCLSR/ae9DbXAUmDfhTPDTjPw6JatKpTed0mOYI8kQa7SY3jzFrWhT/i2iJiwjQx9wjVL2FoiyXAdonts6bWnJavZu3GPiTnqsLiae82WwZJk/fJD4aq6mQW8+PXVTGGl6sTp+3RSyzhs90esb05dx4ql29tgUWndMPImf0MPvdT7o7+CA2ZtgiiarhI9loPvuj4DMnuzKwm1sbUxlf0NMlxc6XuGZOvQAdwAXs+Nlnkx3NUzri01q6IcNQftHEeiZak32ncB9SvWtk7NZSptaxsMaIaP/wBH75rMbEwf4EUhA9DVq02PBEVA99ocQYIyHet8WLqTT4Fdgb6agNJWJppBSTAC9GuR/okqKA8zwmzTwV5g9nKyoYUBFsbCVBRA2juMqEZilUI67hU+CI9FTIiPRUwO5gS1Hwx5P/xv/wC0oTsjVDsLTB/0gWO6sO6Pqs8rqNoXyCq43RMiTcuz3fuyw/aDEmpU9W7APag3PEc7Z8loe0Vd0RMb1tJiJgDnCzDaJGcwbDTjJ6rx8klexlk32AqVLez7pH9/vgpA1txkBIsJy6ZWCkaAOPLS98yhnFokuAzJgZzpc+PJRyY8Dm1YzJjj1HkU0VQJIBOl5nutYfRRiDaDx8voE38LOtrjTToqpdk2xxxGURmfMZjlZK28ukTrOucgd0W4KVuCESHGTGQiOWaf+GvAGme6STB4eAulqj0OmR2zIzjz5cLfFKyqc22yy8pXNZBuDyiR5wuILrkxGWZiP7Z3QAkvuY6nhHDWFI90558bW4GU0hsAmSfLySlzQeETkb35jRIY0PmTr1MyPj4Jd1x4km8DwE6lSVKbCIDhPLLOLkZaKSlh2mBIv/HHJK0FA4oCzjHiZnuPROeDLgcjcgX6XRJptJLQcsxGfG8ZqKrhzvNIgCABcDLgO9LVfI6IPSaSQzKSPHLSURsvZ/pHEkxSaJe83gTkOLiYACfgsFUe8MaWyXGemZc4kRAEmUnaDabKLBSo+yCSOL3GxqOHk0aDqurx8Wt30Xjx6nvwA9qts7xFGkIsGNaL7rZs0cXE3J1JWh7HbAFBgLiPSvzOe6OA5/NYvYrgypvEb9U3E5M7+K1uyNou9KN/+Bey2z+U4KoI1lminRe9s2AYenGlegB13x4rXuF1ltuN9LUwtAD2qzah5NpDek+Q71qs7rswO4WV2JCUBKlW4xIXJVyAKQBOC4BKkAqzWAccNXqYc2bVIcw8xkO9oHe0rTBAbZwLawg2c27Xag5jzXP5G60vsl+5T9o3Fjhe8ZWmDabeKrWkhpzPP4Tn0Pej8fvOP5v+aARIsCOI+7KpNEjK0GRkSZ4X+5XiTdTaZD5JNxsGZkzYdcvNAYtoMeqQSCROg0RFRrszMjW0a6AW7lNhqYBMm1hcZiLmEk63IasqWPAHPgUVSfNwCBlPI89PBXno27u9uyNDGaDrbZpgxuzfPPrOgj5JuTfQtKXYDUDiZzHLP7skqVHMzbBAJsb8UbiCwsNalFjDm33hlfp8FWPx73Aw1vtWOoAm2fn9VSi/Yl7Di4FokkGb5npa9lOMOXgOHISbX656FCAPc7ICe4fypHVKkQCOOQF7CL6J0IkqYZ7TBEHr6sG4UVQ7rrgG9r8R4arqFSoB6zgM4zRpaHtMkAjIQ6/IcOPcpbp7jRX53Iy4TB+cpWUARMxnbkpnUjBdkJg3M20Kiq4hwEtIGU2+4Kq2+BcciHfsN4Dmb8ronD4Wq+puN3SSNOkm3Rdj8NNEm8lwAjgcy0eHmq3C7V/DtIpNJquaQXRO623s851V44KXI63NRjXehaaDPWe61R2lr+iB0aM3Hu0KwG2caHVIa6TMTxOUgcNAPmhto7SqlxlzgTIN3a5ze6AwTTvAwc13raGlKkbSyLTSNxR2L+GY3eEueA4unMESAIOV1JTf6wc0xa4MwPHoiP8AEPTsG8fWZTAgkTYSHA8FYdmNhOqB1WoDuQTBtIHAH4rjWNzkZOFvYudiS5xxLreoKdMH9MZ9SfW6ALV0BDWj9o+CymPxO65sCGhsgdZEn70Wson1W9B8F3+NlU5Sivw0joiSKOtU3QTwT1T7exEMgFdbdIoG/wAfC5UXpGLlhrZFs08JQnQuhbliQhtomWBwRYVaa2bDqPNcvlq8bEwJ1UPG68TGR1HQqtxWFLbgyJz4cQQj61Mi4GXwVaMaWujInU3aeR4LyXJZYrVz79kP5le90+qG3voIjgQm1CXNMW4aeXBXj6DCJjdcZ6TxQbsK4WdcXyy5X+81nODgRpKbaOLf6p3za26DlzA8UBVxbgZuZABkTMceivaezmb0b1pyP1zReKweHByJ4gWi6tZo88kODe5mg57yHOJIgAxmGxx4d6Ip4ZoB3m8xM9dFZ1cK0XabaaTzUHcD8+SPUvgWmiJmJkAwTqDbIcJFtQpa1e5kAaySfBV9cP8AW3WgTpcuHFRioWgNvBudc9PIZKvTT3DUHvrMgEAONtIg5ZlO3229UE52Mx9ENTokRJEWJ4W5C51zRTaIBv4nUngPvJRJJBuTvYx0E2m2c8IJOv8ACAr0yDNwZgxB+7IqiJ9UAcegztbzXYkOEy1to8Ik2Si2thumR16xaGgkGRYC5EOi4ORtkqUlm+Q6RzEkwToYsVc1aTX3IgzzJ5IKts82gTaIHLitscooGVhwrb1CDukkak34k8oUmGwLXEBgMnIRn98Vc0NgEetVqNY3gPWJ5AFXuCwwA/JbuA5vd7R7vounS2NRfYFgdnMow58F3uUxfLLeV/hy5wl7jMWaMhyATaWBaOuZcbk/QIvD0SLLaCUUapUV22nbsn9rR5T9fBbeh7Lf6R8F572krb1b0YNmgEnqIXodL2R0HwUeAmpZG/f/AKOL3YrlmO0VFxEhaZ5ssdtjHu3yM+C68+VQiUyp/Du/SlS+nqcFy4NeX8pNI20JE5IvVLOWQ29XP5wFjTAI72yPgtesFtl352Nb+wf/AF/ysc3w0RNhmxdrNr091xAeLdU3aGznQXNOsmfu4WAwuMdSbvAj2pW32Pt6nXAp1hBGR4rwsmBwepcGcZqWz5LUNG4Abka6R8VFukZHuVt+HEWuNCg6tCNVq53uaUVdWkHe7B4hRVMMCbuM30F/orDeumOA3tCI75WbSbJpAb2NaRANu/xUNWiCC6fWBmLgm1/kjn0xooalI8VCg7E0VGIpOIBjrYjPigqsgzmdOUcJ6K/c039bSDp3IaphznIW0bRm4DMLTA9aQbeBvx1ShrXCSDIvxBztHgnNw8gS4J4wgi7/AAUuLbHQppE39kaCfBNaxoMP0ygXPUoilh2DUnqUdSLQP8oHmT8lUccSqKfcE+q1xk5HJSswjuiNqVpNh4CFA+tPRaRjuOkSU6AGknmp2OdlOZQ1FxJjPzVnTwQA3nOsONlupaVuNE1CkSM5j7712JxwHqNMnUqt2jtsD8ulYceKGwb5uTndNXP6BYmOH50Zzud2S9JavN3CcRA1cz4AZ9y9HldHiqnL6lQ5YzEtJEBU52S0S43KuyoawXU4p7ssovww4JVYeiSo0oRMkKSnUDhIMgpxVDGFYTbbP/eV2/rpfFrR8it4Vie0TYxzf3UwPJ/0WObhfUifR5jWfaNP4CN2W8h8gmBkdEFtNu49zf0uI8LfJFbKqANcYXLVo54mu2bt+pSMb08tFqMJtyjWADvVPNeasqWBGo+KT8QQbHJc2Tx7+HY1Umj1P/DwRLSHA8EPVwRGkrBYLtBUZEOIWgwnbU2DwCuWWKceh64v5Ft6M8IXOBA4p2G7TYd+YhFjFYd2VQDqp1VyVSfDK17e6VE2gDIJHMq4dgWOALXg94UTtlA5nzCtNCcWVBaxlsz5KGq0nXXRXw2SzV0d6T/D6TReo3xVa4+4tLKBxgZffBSgu0BVrUdhwBNQWOguoqu3MOwGAXeAT1roVe7BaOFebZfNWNHZrWjed52VJie1cew1rdOaoMZtmpUN3kzoqjrfCFaNlitsUaXsAOcOAgfys/jtrvqTJ6DRUras2mVJTfzW0MPctwtssMO0nrqrjBePNUuHcTlkrjCFdKVDQRhmziBzqMXoSw2zKc1mH94W4K2wKky4nEqKoU4lRPK3KI5XJq5AGS7N7QNOoKT32IsCtivNsCBUrUzBMGZC9GpGyyxN1RMHsOKxvaoRjMOYzAHh6T6rZFZbtXSP4jCPi289p/2yPgVWRXEJ8HkW0AS485+a7CA+wTzRlekA5+97pPkYQOCMvXIt9jmgWcQAh6tSNVPUQdYrRo1G1K3UrjiYUO94JJ0UOIgtmL4EhEU9oOGpPNVgTt46qXBMnSXVLbDxk8qZu3Kn6jKoiI+qc0HioeGD6DSXp28+IkqE7VeRcnxuqreE5SkB11SWGC6CiwOMecyoRWJ1QjnninB0WVqCQ9KCW1dE9tQHLx4oZrpN/JSNjnCpRGFUneA8yjKJ45oCm771RdMzdUMsaCt8IqjChXGEQNF5sdn5jOTgfIrXFZjYTJeOq0xXRiWxpEa5RPUhTHBaDIoXJ8LkDMx2U7OnDgueZcdNB0WnDU4BchJISVDSq3bdOWA8CrMoPagmn3oYM8Y7R09yrUH6nb3c6/xlV2yqWbu4LR9t8ITDxpY9NPn4qrwtHdYAuOqZzJUxtYoCsja5QdRWywZyZvJ70xykQkp4ceKjBSygCZruKcHKFpUgKKAe1xSl/wBhNlIigHh/euamBOCQEzXKRhULQp2hMCemjKKEpoyigCywytcIbqow5Vvgkho1XZ9vrK/Kpdgi/crorqhwargRNITkisY2FyckQAhSEpCUxzkDOc5DY4ywp73oXEVLEJCMRt1srO1wtLtpZrElc7W5kyurlCVCia6DqJEjHKMpSUwuSoBZSgpm8lBRQiQJ7VECngoGSLoSSllAChOamByUOSoCZqmaUM0qZgToAqmUVRQlJGUUmBZYZXOCVPhVc4FJcjRr9hD4K2KqtiZFWkrrjwao5KkSqhnLksLkADOcoXvXPehqtRAxKtRCvdKV7kxAGT2y65WaxTlqe0tKDPFZLELmlyYy5AqpQz0RVQzykSROChcFK4qMoEREJQnFNQAoUgTAnhMB4TgmhPCBnAJ7QkhOaEgJGhTsUTVMxABFMIuihaaKoqWBY4ZXOBVNh1dbNbJCSGjZ7HHqSjgVBhGbrAOSmC61wbIeCnBMCeFQDlySUqAKV70O9y5zkwoGcU0pSuQBW7aw++wnh8P4WBx1EtMFemVFltubNGmXunh+0/JY5I3ujOa7MTUQz1YYugWkg2QDwsUzIgcoypXKMhUBGUgKUpsoAeE4FRgp0oAlaVICoQVIxAEikCY1PCBkjVMxRNU7EgJ6aLooWmjcOxS2IOwoWt7OYOSCevcqTZWCkiRrAGpP3qt1s+huNjXX6DkqxRvc0igxckTl1GgoTgmhOCYDpXJFyAKAppTikITAaUickISGRvCFqUwbESCjHBQVAgRmtr7FgE5t0dq3kVksdgHN0todCvUKdbQ+GhVTtHYky+gc/apuuD0n5rmyY+4mUonmVRkKBwWqxezmEkGaT+Dgd3xzHn1VPjdmvZmLcRBHcRYrFSMyocmFEVKSicxaJgNXApIXBAyRpUjXKEKVqLAIYVK1QMRFMJWBKwKamElGkSrCjhgLuMfHwUuQzsNRJV5gMHcCJdo35uOgTtl7Pc/2RuN/UfaPQaLT7PwjaYho6nU9Sqhict2VGNk+zMLuC93Rc6DkOSuaQQlBiOYF1JUajwlSJQmAoTgmhOCYxVyRcgCiSFcuTENK5cuSGIUPVXLkMQIUTRXLlImZ/tr7qodmZO/p+q5cuSf+QwfJnsRmg6ua5cpQkQlIuXKwHBSsXLkmBPSRNNcuUsZb7O+Sfg/80f1fNKuTgM3WHyR9FcuXYbIssMiwuXJjFSrlyAFShcuTA5cuXIGf/9k='),
(2,'data:image/jpeg;base64,/9j/4AAQSkZJRgABAQAAAQABAAD/2wCEAAkGBxMTEhUTExMVFRUXFxsYFxgYGBgbFxgaIBcaGhsYGBoaHSggGRolHxoXITEhJSkrLi4uFyAzODMtNygtLisBCgoKDg0OGhAQGy8lHyYtLS0tLS8tLS0tLS0vLS0tLS0tLS0vLS0tLy0tLS0tLy0tLy0tLS0tLS8tLS0tLS0tLf/AABEIAMIBAwMBIgACEQEDEQH/xAAcAAAABwEBAAAAAAAAAAAAAAAAAQIDBAUGBwj/xABEEAACAQIEAwUFBQcDAwIHAAABAhEAAwQSITEFQVEGImFx8BOBkaGxBzJCwdEUI1JiguHxQ3KSJDPCFeI0Y3ODorLS/8QAGgEAAwEBAQEAAAAAAAAAAAAAAgMEAQUABv/EAC8RAAIBBAIBAwMDAgcAAAAAAAABAgMRITEEEkEiUfATYYEykcEFsRRCcaHR4fH/2gAMAwEAAhEDEQA/AMbaiKXlnemkYbc6droxdziOmk7oWFnTQCmThTuIp67todabtIQZ6aiPypyJpS+43bsevnSbkD0YFOG/pGm/vpm4ZFC0rGwlK+RhrmtGuII8qRctxTNL8lOGiYl8TB0p7MBvpttz8qrGQnwpxr7c/jRqbFOknom3cUc2m1M+08xPjVrwTsxisVBtWiVP427qf8jv7prbcK+yVdDir7N/JaEL5Fmkn3AUudeMdsdS4kp6WDmbXkiF368qRawF+8f3dq7cn+FGP0FegeF9jsDh49nhrcj8TDO3/JpNXigDQaDwqeXL9kWQ4KjtnnbC9h+ItBXCXP6iq/8A7MKlr9mfEj/oqPO4n5GvQE0c0p8iTKFxoI8+n7L+Jj/RQ/8A3F/Oq7EfZ7xNTJwjn/ayN9GmvSc0c0P1pBfRieU8dwfE2Z9ph71vxa24HxIioK3J5ivXRg1T8V7J4LET7XDWnP8AFlAb/ksGiVb3QLoezPL+aiBrtPG/sZsNJw157J5K/fT46MPia5z2i7C47ByblkvbH+pb7y++NV94pkaiYqVJooQOdJmmlM89KdDaUwTawTPpR4a/lIbeDNEKQ2lZdhWTVi8t4vMAcqz4fn40esan9d+dU1q9FTbGKBPv1B5/E0fdsn+iovCJatBPIdaYxF3POiwDAPPYHWdIqJjcQB46gmPlBMj/ABRYbE7hAzk9QAupBMaaH5UNxyi7XJeBuJJGne2AJ5TrO07dKYvs87wCTGusdT10pVtTmJA5nu/ST0pGIwgIGjA8h1JknMdaYr2F2ipX9x4DoungdPqKFIQmNFHun8hRVoFn8/8AS0tvsJ1mdtaO5iZOXYjpz+O3uqGwMgBm8ydz9P8AFSLSd4NuY101P60auKbtklvqBMg0sXQg6zOtLV9O8PColxwHmJj1pTXgki7sO8mkj3+FMWHiTv50/exAbnHuqNctnlrSpvOCilH052PW1zT749dKRYwg1JO+2nzNKtXMsAgR1/WeVb3sl2NfERevSlkgZR+K4PCfup48+XWvOUYx7TPKE5y600Y/hHZrEYl8llJjdj9wf7m5eW/hXUOzP2b4bDw9/wD6i7/MP3a+S8/NvgK1uDwqWkFu0gRRsBoP8+NP+v7Vz6vIcn6cI7NDiKC9WWGu0DQUc0mfX5+6j9frU5Ww6j2sajMVBB6EbEf2OlO3bmVS2vdE6bmBPzFcZwnHbn7W7e0IVrh7hbbMxJjQSsz5aUirWVNoC6WztgPr3UB+lZfgnHCWCOemh3EiRVhiu0mGtkqbqSN+8NNedMjUjJXTD6N6Ln9B9aE+vfVCeOKRmVwRE6azudOtZ7F8YLgG2XZmEFT3crEgbrrA1M+VKrciNK1zygdAn18qNgKwH/q7239kHJadRmzR5H6DenMb2h/eC2DsAW894+nxoI82m5dfJvQ3cmmb19csyNduYP8Aas/Z41ktwx7zAldR0kxPQD5Vl+znFQb6oWAD5iJMCASfcYBravKUJxjbf+wNs2LntP8AZzhMYC6r7C6dc9sd0n+ddj8jXGe1HZDFYF/3yTbJ7t1dUP8A/J8D869IWsag0DD8v8U9fsW7yFGVXRhBUgFSKuhVaFTpKR5ILAURM10/7QfsvayGxGCBa2NXtbsninNl8N65cGqmM1ImlBxDDabURuHfn9KUpmjy/CtBukC2+hB159dvyp/DKyHTXmNiPMehTaW4/vtTpAYRqGHwNEgZElro3c6gaiI3jlNHhcSD3dJGnQSenUmmbeQhlZidIBI0M+MTI6VCsqVcZhIUxCkGCOfWNN6Z3asLVNSTLS2SRIUgeOh8dJoVFxC2gx+5711+tCtu/jM+nfP8FphLbNoNAB1knzMxM1YWsOFIl58zFCxGTqOuo+RGtGXAMDmOgp8VY5lSTk7Ica4QIHWot8HwqRudKbxI6mOWn50b0LhhkU2RG4n8qcDdDrFKtNAEDSTrz/tW27A9khfYYq+s20PcXlcYbk9UHzOnIilVJRhHsVUqcqsuiJXYbsMGy4nFAkb27bcxyZx06Dnua6VM0kmaE+vWxrk1Kjm7s+go0Y0o9UKn11/vRT6/PzovXrxpvFXMqM/8KlifIEz5+FLbsNIuH41ZuBjbdWKNlddmUyRqDqAY32qxttIB6+hXCsJjEtlnV3W+CPZZdRcnSHBEZQdT1zdRW74X26TJkePaqcpMyjaAyrD72508KnpV1JZ2Cncve2vFfYWJCF8xIOh0AUt5bgDU7ExrXH+IYxGjEpAL3AMvJOYYn8M6n3GK6Fx/ijYuwbIIT2jKoYZiRLCdtYy5p02muSY0Oxa0DnNu4R3c0PrlzQdZkbxJzHpSqsVOdzJRNtwmw4Y4i+5IdEcHUMZQNMgxl72XxK8ubON7Q2kORbZJPOFVY0mZMkidR40zhcG9iybSk3CCWE9SqjRZPd7pj+9YvGjOWdWAAIgSxLHQGCfjr7ulRU6cK02748HXoTjToLpvyabCY2b4tW7ot27wJYEaIcpJKmZgkRptNLxGNFv95q2aQkD8IlY1GjE/Wsz2cM4oLcuBEKsuciQOXn/n3jXcJslbuFRgl1CxFtxK6AzmIPMEhtaZyIdbJ5x/yc7kT7TbRanHNbVC05VJJMA+zuEaW80SQIkSedZq12kNy+11iBrB8ojWecDenOMcWzJcRH/di4WUTMk6a8ogE1mE0kBdCdY3PPffeg49HHaWxKnY2w42b90GVChWUZyFADfiXTczpH0qcuGCG291QGbcrJA2Kyp2OpGnw65nD4ce3S3c7qkxKgjUyIObUMrQD5GtbgWy2EGIYOPwKTGZgSZJ2OgUyetDybMxu7uXiY7LcgbGNJnXp4dY8a3HDlIRZOu5rC9luDtduG4xJUGc0zmJ10Pw8vfXQbaV0OHd01cNvCHVM771yX7Uvs4zhsXhE747120Bo3VkH8XhzrrUUYM+dWxbWgGk9nj5TTqtXTPth7DexY47DrFtj++Qfhb+MdAefx61y1YqqErolnCzH3aRp5UeHuQffSS0ePOkW7h05+VHfIu2C1DrETpuR79tRBn8qj4u0IUKugO+vTY/xfSmLLgGDotSQ4I25QNRtqKZfshPVxd0NJZyiCsHynx3oqk20BAMfKhRKJ51M5NRasgLyJjWRHwAqJftOCTyNWC3kW2d85kSfwgZYjxPeBkVWftRPdiYEydPhVLkmjkqEkxtlgjf9KavrJmBvvz2inM5bcEdDRnfr+dDsam08lx2W4C+JxC2RKp964w/Cg3I8TsPE1221aVFW2ihVUBVUbBRsKz/AGD4L+zYUMwi7eh36hfwJ7gZPixrRrtPX1vXL5NXvOy0ju8Kh9OF3thn10/saIH1+v60YpQWpywAHr1vUDtHfRcPczlgrDISoltdNPE7DzFT7twASdqr8ouElgCqw0HaQZX5gH3Uuq/S0eWTEcZ7AWmsoqOVurDOx/HvKrr3PvHbSQJqh4xhLDHK1nKR0lWEc5EGR1ro3F7jQGTcTnk90rAJMk/hEnxiKzPGsKMRZDI0FiCs/hMb5p1E6EDXmD15cpNPAKkl4M3isYq4d1zkMuVrbfiDA6QRtMjWrLs92bKYW42d89wBruo31YKoPIBtSTJI3A0rPcTQNaNwnIWmbcEiRoRuIUsDqNhHu29rFG9h7TWlZReSdtZBhvMBlI03HSk8ipNQw9uz/gK/Z3KVDct4i0AZ7ua4D4r+IHUbetqz/aXhXcOItKYZmLgaxrowA2XWr7tJxK2S91ic+YWBz2UExG5IPyNZ3iPFS1vJZPcDfdEMwlArExrlkaDbWhoRl2UorH9w4z6u6K7htse2DQMqID19/wBDU+5xY3TFt1DLbOUD7xVmllH8wGnIx86C0GJeSwE94qFEd4EgzpsT3R0HKnMFiFWHZFYKCFUDLqfxMyjl3TruYrozop5f4FVZd5dg8QS0ktPWevly91TeEWrdxXRzkuZgVIbQLzGU6t/ynSq7FXfaOTbtsAToJLsPDMAM3wqK9weY6EUXRtWAL9MO+cpBckF9OUDMX22GXXwBrZ8ExFjF3LakOUtASo/ExUHLm/5TAG3hXNLGLZT3SQYIBUmRIggxrEaVccDVkBMsBvoefUjn0ip61L038mpHa7PFLdlMiFUVTlA57c53NaPCsSoJ3iuKW+OFWtWyQTIeeca909dRPwrquE42CAZUyNgRI6g0/hTnJPv+BjWC9oGqwcRk6QPXyqyU1cDYRirC3EZHAZWBDA7EGvMfbvsw2AxbWv8ATbvWj1WdvMbfCvUA0NYv7V+zX7Xg2ZRN2z306kfiX3imQlZgTjdHnYaUZHu8qQjU7NVEYLr7fXnU6xhlYSDlblMEbRr1k1VHerHBNIiRp65UcMsXVVo4EXHYGMi+4GPdrQp1t9z8qOmZAUvsaTEERLcvWg6a8qjWF0Yka7SZ1o3yg97QkTmnn0En6dBQNreGJ0HmI0MnnVD2cxRsrCGtjrV32K4UuJxdu22qqc9zpkXUg+BML/VVAN48da6f9k3Dgtu/iObsLSnwAzNHgZX/AI0mtPrBtFPGpd6qi/8AU3VwyfnQY6+gf70SczQX1z+RrkH0Ysev8Ur16/vSB6/xvUPjGK9naJ5nQfnQykoq7MGMTis7wNhtTt4hbeWdWBPuFY/H417ENdkKwJWNB8Y18qdw/Eb14hZyoo6d8jQELzAgb+dc2tyo2aHwoyniIrjPEzhlVMQAA9xgkn8GWZIjUd6N+Q0rIYfjtq0L+HacitmtjWQJHdE6xv8AEVd9qcThwuQA3bsQCe9B5yTzFc9xGGyv7RkmNxrB0n8gNqVT6zwzavBlGPZZNjxnAXMTatNh7ZZFt5AQRp7MAGZO2oMnqelX3YzgFzDJlOKBkliiKCFYgZoZvARoB86gdheNpiLeWBKkDKJ2MAQsaCdKte0HFxhLeYIAHYBmiXDwCuUTqI0PnzokurcX/wBkrbD4jw61bAtZAc9wkLAZ2Y/eJ9ppPTfXwFYfhHCEZsQblvLdRmzKoWSE/Cirpn59DyI3rW8V4g72wArM3dkAGWkZmUAmR3tDuJAqs4U2Ge6bzv7IsQns1/7jsxksQTAULKgjSRqOuK6vYGzZExHDLd2ytsQ7sg+4rKzmT3QfxGCG/LrgeNYK/YJIMorRlIAIIj79phoT5cuVbjiPD7gxF7LcC2m75JcSrADvJ/MJA16nfao/abgly9bL95nUCM7ZrjFfw6/i3mN4jyZSrRhJJ6ZRHi1JQcvjMQbJY21X905Iyk91GJPUcvPxrY3fs6xb+0YqiMqhh3xluMZkJpp/UBuNazN3DoGVhDW2fKAxkgaj95tB8NJitNw/jWLs2Rct4q9q0ZLwV1PdHezMSQNhEDnBMGqZytpiYwecFRiOD4i3DOrbQTM5eRBb5HzqbgQots9zZBmPjyj37eM1o+FducQyXP2vD2btoCCVhGEmASpLZlB3gaVie0HGvbM9tABazB2I2ZwCJGm2p896TKEqjsbhI1vZLhq30fEkw7k5QDAtgd0SdZJiY251Y8U4hh1VQgRbzNkXvbnQZiY00PhrArGcHxfsgozEDqCVInx2M7VBQ+2u5+THTX4a8jUsuP2m3LXj+AEdmwam2qgFmXq2rA+PLrBrbYdpUHwFYnA4icMCxmQNY6eHLaK0uHx/cXKOQ+lWf0+o5Qs/A1rBbkUGAI18j5VGwrsxk7VJTcirwDy/9oHB/wBkx960BCk50/2tr9ZHuqgzaV1z7fuF/wDw+JA5m231E/D51yAVXB3iS1I2Y5FScFM1HSpGFPeFNjsnnpk72Lfy++KFPA+XyoVRYi7MZgeOh3Pr1FThiQJCSfHnHr8qYuKI2168vhTHsyIIPLX30KTQ2UoyHc5mu79icN7Lh2GXmyG4Z377FhPuI+FcHIjnJ8elejUtZLVtB+C3bX4KKn5b9KRTwV62/sO7L/Y/UUFPrQ/XWiY6D+/5UQb1P6ioTqDvrn+dYf7QL73HFi0JYL4mM25gbxofd51t7dYPjOM/fYll++AQrclI7uvhqRrprUnMdqZhQcSx6tcsIAwSy1sFLhJ75MM2uu0eVb20hZCsABSQQNwfxA+Ej1Fcg43xG7fZHvsM5MNAUEAAECFHKG+JFS+yPHrlrEXGDTbY/vSxJGsw+Xm2v193Oq0HKOHoo43IUXZl/wAbw9uy87TqCBpz0nkZiqK/iPaHIFzE8hv0IHXkasuJ8V/bLlqwiqHf+ZmGYCYEqM2k8wB861HDOAphgofV2A73RuidNokRMTvS6VJxjeWy+rzYW9GWRuynZq1gizuo9s43OwHJUA1mdzz05UXaW8LromhuLdtlQZVs41AUtAjuldDyYc6mWrmS6HZo1nvanQ7EetDWT7TX7rY1bxKyQPu/d7rSFIPTTzB8TXqUlVblNu6Zxak8s2l23mRC05i2mozJC6EsBvEDlMA67VzXt1w25h7631Uiw1wZ2RRIfN3pOysZnzNbTCYlQch78awSc0xE7DxO07SN6ssTaz2fZlRetsoV1zZiRmOiiZzAEaR+E9NLYVFcCMit4xYt3cly2yhW3cRtl7q76GWmfMc5pGHIKgNsBInUHUfe85HKPjULhWGuYb2ljMblggBGO6Zvu5vDlm5Eid5pfE8cBK5YYADeQNjHy28TXOlBxfU+jo1I1IXRi+KYQHFm0sZS3tIkTMxBO/jBrdJgrYtoCAwgRI7p211EHlp9RXOHt4hMcLnsGPdV45m205XOsCRsNNtq2NzG3yDbNhtx98qAAV00k+fvqrlQkuufHuT069JdspZM52swn7OS2XMpdRGxUHUjTpoBO0jeKiYjh9tQWRtmjznbyOk1G45xa7fJWcxOkeXXnzqdxK5FpJHeYsx/5GP/ACqhKcYRT2c7k9FP0BYdlaybY1JMABZefA+Omg8KlcB4JeVtbN1fNGExvEir77NMBYtW7uNvqzuj5UUbhQASwkgE6zPLLFdEwmI9oodh7EmSEdgSOYBP8RGpHKfCkV63W8Ygxj5ZnuGWP4hB5zv41fcBLOoHr4mq7B3Uv4n2ZuDPOdwAdFCnLbB+DGYOnjWvwltUACgKPCKp4K9PZeTZ6JlsQAOnvpYOoptfW5pZG36V0BJjPtiwftOGXjztlXHuIJ+VecVavVHbmxnwGKU87TfQ15WRqfSYqqh8CnbJIYaTSLYpyxcAfaqESy0yQb58qFLCk66D3ihTck+BeIbK0a6dfrT1m8cuT+Ia7aQZ0PLemVUxJpxQYk9K3IUkrWI6IQSY11gV6ex+/wAPoK81biI8/Xwr0hcu57aONmtow96g1Ly1hFXDldy/Au4dv1NIzepP6Uq42g/WkD1vUhePWjrXJuP40JiL1pQTdZmYEqpEiGCQff5yK6xbNcr4xgQuPa0QJ9r7RHZogasVPKCpIHQxUvKTaXsDK9sD/ZnHWnHs8VbUFydGUBSScoU6QNifM1W8T4FhcJ7S/hWYuSpQlswtkH7oXZhP8U8xymtJxLs0RhmIzG4ArhQBMRJXKfvGCdPhVLgezL4vB275dbftC5ACliFzZQDqOatp0iooSkk7YzkDrI59Y4o1nEWbwMFHzSZ5Gdeccj512DiPEkvG2VebbgMpHM66HnuIP5VScP7IYexqx9o6z32AAWdCQuusaakxyg01d4jJN0qwtI2VRHnAkbEgfI0rl1O0VGAxRcUaPjWdBcGS2UAmW3nKDpE/HSmeyvDrd6zN4KzF8x2Hs+gDDWYy6T0pmx2gs3LBe4wTKSpUwT4HxkHppWTbirYdT7NmNvEMoN0SMqjcAaEE6DNA0nwqejTfZ4+e3zYvWzo2OvWbdwW1tILjNK3YU5DK6ktJDawB1gxrVdxO4MNb3IuOJR5P3mk97QZW1OkUxxSzbJskNb9nBJKwACpQDQHSRl1j8R51X9puIftFwWLCi7FhjyyqRChh0iRB/m0qqE3LDw/B5oj8JvH/AKhLegIGjmco705iQAYOu3QdazGOw5dr3s3uM0O5gkg5VO8+Q1nwiolntEVa5ms3c+UIOcGdSw94Edamdk+MWyjgjvk6yd16ctNxvz5aS36NSHqt7GRnKGUxrsXdfE4lzcPtGZJYklZAACqCsRoIAFaXF8duHEm2zKAiqruQSSFiJkklpMT4U32e4McMso8FyXQnQqIEBV3MKRJOmh8yfsgEZbjHckEy0s2wy9BDfdOuaKCdWnOo0bZsxOpu3bgGWXb7o8dAOQ+XOppuFnQNoBkUf7V2+Mn40/jrT21m3ElizBYMAyWA1JygE76xUVAbcXH0QGATrJjbzEg0+WT2WbLstxlbQFkzmckISuYAnSIGsSBr16amp3FMcrXF/e5c7tndTLQsSiRMchPvrD2rF5iLoR1GTMkgglTOpMQZB2G9X3BLK3MgOjopGXnqTJjxPOoatCKl28lkYSildGo4ZhW9ut5MqsqZ5mfaKdMhA2YCT8K0+Hx91Hy3RtzE1X8EwIywZAjkBM1fLgszBttI8h4U/jTqRwgJWLGw4YSNfjTjD1FMYXChJgb+H96f9c666vbIhlb2rP8A0mI/+k30ryaor1J9oWJ9nw7FN0tNHnBivLgWn0vIqp4H7dPYa1JJ6VFtDWrTCpCzVMFckqvqhBuGhS2uDqfgKFMEfgsMQqg937sQN/z8aaVuXInyqXi1B2/zzM1CSyW06022RUZXWR1ngqqKGJ2nzjbT1rXe+zN72nD8Kx3FoWz5ocn5VxO1hMqlvxFYAJgE8gevl4V1L7KsZmwlyw33rTBx/tYQQPIqT/VSOVTfS47g1o/VsvJq1aUHh4xSQff8aPD7stJ9da5yOyOIazHaTgK3sbYZoyMJb+YprlHiRHuBrTLQxlkMobLma2c6jqQDp4SNKXVj2gzxXYm9LZRyHwiPypNlFXCoFEDvfHOxPzmqfstx3273rV1BbcAhZ3IJG4OseI08qqsbfuC8LDOTbdmVVkgQQDqOYzfU1xF6M+WmYnbJD41abE4hrNu7FtFUvGxzZvveGkfGsxxNzhc1oXWb2iwyjVW3Anw8PGtP2cwpRcZaYHPbA00AyyxBH6bAis72tItujZgbgtyeZLEnu67RJ05R40+nK8rfNHRpqLpdrfLmddXCkqWHcIgzEHwk+jWk7L4Z8baVQLfcthTOhgd2dN20HxrPY7GHKGUyMskdG/ECOn6H3bjsfh0wuCQtp7VS119ZEjMB/KAsDTmD1NNrS607y98EfIhFtNDl/iNnBXThbQFzExrdba3MDeCREiANdJPKbDE8FXC2lyqFudz2hTuq2UEnVQJK5mgtPKayvDLFk4201gl1N1GMKRpmLSSSSTzkgTFbni2MZiAAxgOCEGpVvvBjUtSSjZK+fmvmhKtYqlwGGvXrt1rIy5lJJGZG1WMx2Dac41nrVpw7svgrV5HVQ1u6uUQ7ZVIUDQK0Q0T5iq20CCDbQIgCgiGYEie+085NTMfZW7cS4EFvKoBK90SDJI5ifyrI1Gle5kUF2u4dlxCXbboEQAFdc4czBX8IEZd+vOdHsXYW5Ztta1zQGgQVIP3SekkmedKxV0Qx++veZpmTsRB6DWofYvGKbGJREfNmlCQe8sryJnQt/CNOvJSaqXaVrfP3OlV4qhC62ZC9hHl8iEoGIOgnLOgMdSBrEVkcepvXraBw06xOinbKZ0BECuncfwuQkWyCYBADCGZVM90xpHI9Odc/xWDS1cLwYYhtRoCpMpI5kGdgJB6V0+PKy+5FCK7JPR0N8W4tohj92gWdDCjYDSR05/Soj2NPaLCPEqYggyS0AbyIkGTVPge0Np7gJ2OjKdT4RyGw+A86v8AlvGX1sK5KkEuRMAb5RP3SenKolSn2StlnXlUhZ+xs+w1u4bAu3XLF/ubABeoAjfrWpU+v80xYtBQFUAAAADkAOgp9fXo12oQUVZHFnK7HB60/Sgu9AeuVBaMAwH22Y/Jw4pOt11X3TJ+QNefQfhXUft34rnxFnDg6W1Lt5nQf+XxrmAWqKawIqSyHl10qfZujUTy22pWAw+kwJO3lSkwShwTJG4H6+FUxTRHOpFtohta1oqt2wi9D8aFF9MX/AIhDj3OQPkf70qw5DCI6f5qdg8EgfmywNwddN/Dr8qlf+nIBt7+Z9flT4xbyS1a0I4Itzh7XGzO2g2A5ec7fnWr7D8R/Z8ahYwlybT+AY92f6gp8gaorahNBpO/Ok4hyfhRSUXFp+RFOdRTjJaWjt+JQo3kYNC8OfX1sKruy3Fv2zCK5M3U/d3esgaP/AFDXznpVhZMgqdxXElFxbTPqoTU4qSApp609R9qWprDTNdsODR+9tiNcwI3Vh0rMcY4vnYObLI8Bc2aV0jKymBlaZkHrueXUWVXUqwkHQ+utYnjPCPZMQRKHY8j/AHqKvQTyF+pWGziQVF8pmc2st9dMzL4fxMvTmK532wfD3ryexu99oGQqRBMaRGnWes61rsTgngtYLZ+QALEnZfdMTOw5ik2exSvfs4u8hFsosqNGLssqxAEGJ5HcCo01Rk5SYcKs4xcPBleH9nJuKj22icsqfv6anbYE7VrOMvat2PZXVzLcClbcAhTGomBrMeWnWpGItqrJbbMhtlWV1AgoYEFd+YG3nWZ7SYn2+KFm3AW0XErEEz3mB5+HnpSVOVZpvSueipVGkDsMyW8WWdsgIItkncklQpgRMfWthi3JYNZuzmEMqQcoMgkkcjtHvmuf47hqWrb3UP3TBzKNDodGK678tOVDE3VcW7n3Xa2klWkkgROmxIg06pBVPUgK0JUsM12Iwt2xc9pmBtFgEuG1lW45gsIUSoAzH+gwKjY/EOrXFN1DJ/0x3dp0JI2291VmHu3AlsG45Ckko0FV6kA+EEx1qwxK4Z8oXEr3jH/bY6+IXvDlypUotvAhTRL4fxrIGzxctHQ6GU/mMCNdpjnvVOOK3LGLD2rZ0IaCCMyMo7o0kllPd5TBpB4mh7mW7aZYjWQCBEvmJ0I1iPeJqRahs15E7qxkFtSVLASzD4DT+YaVsYdHexVHlz6dFo3XH+G+1cXFgLGaIgMTEzpvHWsdxrAlLVxQiu/31LAGdNQQNtJ13mIjnreC9orV5EspauAooD5tFAAAMd4k8xr0rPYu7dvYrunJaV4VSqmADlLM2x11gmAPfLnh3TAckkY7AcFz2sxXI6kyGaCdBlyg+/UbzWs7F2/YyCGVhEFgQTpvry5TTGAZXuZHtuBmlQQRK8jmUZRz2MDN4VJwmEuLizbBZln90TuUJ0136jXpTKNSTnkGEmdTwjSqnmQDUlfX+DUXA2sqBeg9acql+tdvjXTBYZPofpTeNxC20Z2IAUEmnB1rmX219pfZWBhEPfu/fjknP47e89K2Ku7GN2Vzj/aPihxWKu3z+NiV/wBo0X5R8aYwljMfDnTFlCxgVb4ZAoj41bCJzq9Sy+5IRYp5U02pAPhS7g6VUc5u5Eexrz+NCn3tkneKFZYPu/cucNI0A/xy89OfnUrOJ50zbalZY/tRqVtCnT7O7Ftb5EUxiLWm8xNOhhQLk6ctv0o01LYqalTzHRO7GccOCxGdgfZOMt1YP3f4gOqnX3kc667ibY0dCGBAZSNmU6gg864fiVkk8wNQfLcVs/s57UgRg8Q3dJ/cufwMfwE/wnl0JjmIk5dC/qidL+n8z/LPz/c3jd4ZhvzptTS71s22J+Io2UEZl/x5VzTthKaXcRXUo4lT6nwplT6/Wlg148UicHaxfW4netloM/hB0JbymfdVtfwoKZJhViCNoyypHlp8Kl27kVB4jauXQ2W4EJGndn4+HKuXy6F36VcK99mL+0DGjKti2Rnf7zH8KgyRMaSY9wrP9mbOHQst5XIyEiCF/eciWBBC9K1g4LkJFxNdywBymTyPU/GqM4DOWCkqcxBJbQrG43jWN+YqKEut42sdWlQhGOGZPiZCqUBBEGQQInWdDyktA8T1qy7EPf8A3kWrd6VVO8smQ3XN3SAI26UwcGiO2YAw+i8gBB1+nuNbDh3GLYGlsIdNV8NiYiffVdn0wRcr1St7Bv2UW3fYsAJBhYLJoe9BjQrzHoO4zhaqPZ2rdvWMxZnCltGnRYgxEE9OlXfDeK23KLpOpAgzPMjXcwKsrfeJDCARDTzM92NJpTbvgh6o4x2sD27r2rp0HfAtiLbBoK5ZjugfMEVH4d2xvWi6Yebdtv8ATG33QpaTJDECcw1muz9ouC4e/Yb2ojICUYAZl8uo8OdYbs92FLnPcARfEd5vdyqqn7WCVPyK7JrddbtxCA105fuQF0gso8OWu+p51tuzvZ5MOqgCMo06+ZNTuG8Nt2VARdudWA9eulVUqKjs1vwhh+H2ypUoIMgxodfEag+NRuH8Et2iWlnYk95okAn7sAAAba1Zev7Hwo/Xl+opn043TsDcNR65+486P1/kUXrw8xSL95UUsxAUCSTsKMwh8f4vbwth790wqCfM8gOpJ0rzHxvilzG4l777udByVeS+4fOa0/2i9q34heyWyRhrZ7v/AMxv4z4dPjz0zdi1G1U0qb2SVq6WEHh7AUVLC0SilhffVqVtHMlK7yPWRrMaU6wmW0pVtIXakFNI39bxTLNCYyTZHZyNPzoUvI3ShQjbIuifD9Kbc+/19KJjJ+dAN8KzqZ3SwC22vhToNM6n6c6dtERuN9P19daNIRJgCA7nw/xUe4o19c/0qYYYbAGZHy+OlRcXd2+tNeEKg7yOhdie2quFwuLeG+7ZvHn0S4Tz6Nz566nZ3bLWzp8P0rz/AHgSDzrZdjftAewq2MZmuWNlfe5aG39aDpuOU6CufX4132idvicyy6z/AHOmiG20PT86Rt6+ZpaKlxBdsutxG1V0Mg+fjRe05MPfUOjqJ30BGpyfX0FI9nzGv60WvrrzNC1c0dBqPicDauf9y2jeJUT8d6dDevAUfr41nU27KW52PwZ2tFf9rGPnNHa7JYYbZ/iP0q6n8/0pSn6j6V7pH2POTIFngNgGYaZmZ5+6pjYcDVRp0pwN+X1pYb15GgnRjJWsBd3IGLtFyFOi7nxP6U9atR+nyIqSf7fHUUU/r7+dep0lEJsCD19DSx68+nlSfXmp/Slx66jl76aAAf4/Q0fr+1FUDjfG7GEtm5fuBRyH4mPRVGrHwrUrmE2/fVFLswVQJJJgAVxT7Qu3JxZNiwSLAOp2Nz/2fWoHbHtrexrFRNuwDpb5t0LxufDYeO9ZuJFVUqNsshrci+IiFqQqTSFWpFrbWq4o585ewFUAeNOIsnXSjZKWbZGlMsJch/KND4afGiyHelwRrGhFFeI8jGgGs0UhUGI16/WioojQg/OhQ5DuT0BjSm2WpFhZ0BpTWx51tnbBl13syMqztTqWo3+VLCgaCiNao+4M55xoedTB2+Imq+9bkmZ+tS2cnUzOnyAFN3GGu8yDM6jxHSjeVkVFdJYIKtA8Y8PhSHXOI0B8af8AY89BJoC1EflQFCd8of7P8cxODfNh3In7ynW2/wDuXbbnoR1rqHAe32FxIy3x+zXOp1tMfBvw/wBUeZrk7qAPrUW/cjSN6TUowlspo8qpB2jo9DvhCAGU6HYrqCOtJzkbia4dwPj+KwsewvOg3yboddZRpGvWJrb4D7URoMVh56vZMH/gx/8AKo58Wa1k6VPn05Ylhm6DKfDalBPHmT+lVGA7WcPvfdxKof4boKR72gfA1dW8OGEoysOqsCPlU8oSW0WRqRlpiPZn5D+9KVTP9R+lH+ysDzo/Yt4/ChCEqpj3fnS8uvv+RFAWm8aP2J8a8eCC6b8vmKORy6zTeJvW7Qm5cS2OrMAPmazvE/tB4fZkC6brD8NpS3/5aL86JRb0gJTits09N4rEpaUvddUUbsxAA95rlXGPtZvNK4aytsfxOczf8R3QfeawfFOK38Q2a/de4eWY6DyUaL7qbGg3snnyYr9OTqHaT7UbaymDX2jbe0YEIP8AaN2+Q865bxHiN3EObl52uOeZ5dABso8BUdVpYX3+dURhGOiSdWU9jeWnLYginhYmKK7ag05R8kzmtDpAmnVWoS7jz+VWYHw5UyOSep6bDBMa0pXJM86U60jLWu5itYkZiY106VIa0Cp5GRr4xr86gtcIHT8qfW8GBIcERHP3z4+NEmhUoPwR30MTPvo6T7ZfD40KwZZlthFGUafwn37zTrfpQoUyGieu/WIu7ny/Wk0KFDLY2n+hfPcWfzqJiOfrlR0KzwbH+Bq0dPcT8qVf39dKFCvMOG/3EOe6fL8qgch50KFDLYUNE25v68aZxB9fGjoUUhcdiGGlMXLzJ3kYqZ3UkH4ihQoXodDZc9le0GLLwcViCOhu3I3PLNXS+HcRvFRN24dObt+tFQqWslg6tBuzGuJ8SvAGLtweTt+tcy41x7FFyDib5HT2rx8Jo6FFSSE8iTwVF1iQSTJ01O/xornL3fQUKFGyZaGjypxRoaFCvLZr0Ogb+6nrW59daKhWLZ56HTy8/wAqm4VRB0HqKFCnx2R1NMrbKiW0Gx+tOptR0KDwM8ijSTQoVpj0M3j90cidfHTnScUYZVGi+zBgbT1jrQoVjCh4/JGsDu/H60KFCloa9n//2Q=='),
(3,'data:image/jpeg;base64,/9j/4AAQSkZJRgABAQAAAQABAAD/2wCEAAkGBxMTEhUTExMWFRUXGRoXGBcYGBgYGBsXGBgYGBkXFxcYHSggGhonHRcXITEhJSkrLi4uFx8zODMtNygtLisBCgoKDg0OGxAQGy4lHiUxLS0tLS0tLS0tLS0tLS0tLS0tLS0tLS0tLS0tLS0tLS0tLS0tLS0tLS0tLS0tLS0tLf/AABEIALcBEwMBIgACEQEDEQH/xAAcAAABBQEBAQAAAAAAAAAAAAAFAAIDBAYBBwj/xABAEAABAwIEAwUGAwYGAQUAAAABAAIRAyEEEjFBBVFhBiJxgZETMqGxwfBC0eEHFCNScvEVM2KCkqKyFiRDU9L/xAAaAQACAwEBAAAAAAAAAAAAAAACAwABBAUG/8QALREAAgIBBAEDAwMEAwAAAAAAAAECEQMEEiExQRMiUQUyYaHh8EJxgcEUkdH/2gAMAwEAAhEDEQA/APZmtTjYJ4ao67z4qiwZj6kOzaSLwLztoh2IqkQTYH78rpvFscWe9aNt7Xv8VMS19MOAs4SJ1uoNXBRNYk6kjfn5SueziXEze8na8b6j70TchafAwfDYqxRZNi6QZtHwtEqxlnW0wZ0k6i9/CE2loJ1aY8gNf0XaTC0xoJA5eHW/1CldTDHZxHeiZjyPj9PBQolo1IF/Dos72y4fLG1t2nK7QSHaHyPz2WipCTETP12ujeCwIYJcL8tQN1fRcMvpSUkZbsTwGsGE1hkY6C1v4uRJH4QRGt7LV1sTTotuQPn+qE8f7SMoggESNTsP1XmHG+1b3k5SfHfy5LNl1CiXJTzy3Pg33Ge2bWaEDx18gsPxTty5xIBJ8T9Asfi8Q5xkmZVN7yARsfosMs8pDY4YxDFftPVebOIHSyHVuI1CfeJ80NovEWMD7+KkJETeI5RflKF2Gki2MWT+IpfvhmM5lUPaBQPcC64NtTb6qKNlh+njnjR5V7D9oqzPxSs87ECJnyTabw4jvEDeADv1VJSC2pnovCu3T2mCSPl8Vt+D9tGPsSPvovDMXTDXQ1xItl5X5/mpaeKdTMTfobJkc84gy08ZH0pQxdOqNimVcDu30/Irxngfat7CMx8/vXzXpHA+1LXgZiPH8+S2Y9RGfZjyYJQCFSlzVSthpR8tbUEj1VCtQIsU6hJncRgrFC62FjmtZVpKniMML2QtBJmRq0VTqUyFqMTguQQyvhboGg1IGUcW9h7pIPTTzCN4DtP+GqLfzDRCauHibKq6igqugrT7N/hMWHD+E8RrlMR5clYrcYFIXouyjUtvHkLrzelUcwy1xaemnoj+B7TEQKoBHMKX/grb/k0TO1mHIkXHOySpNxWHcJlt7pKVL5Jcfg0Q4oBqIbrJc2B43keik9oXXuOqx3EcOawjNcW3gIpwKrUawUavee0WcBbKDbw2H2VrAcFXAuIULmwJiD1/PdRcEpZS6iSS095hv5jXz9URxJB5k6cvj9OaHlpBzbtMgfQzsfzUCTtUT46jeddjfafooaVK9pt628EUa9r2BwFnCQg7muDssAATl89R8AfJRFxZcxxkBw0GsDbWT16qMOGhBPl9dk2hRkQRebTJFvj6IxwnBXznQaePO+w+9FCNqKLPDMHlaHOHe+Q09SIlA+2HaVtBpaD3j6q/2p443DUi466NHMrw/i/EX1nlzjM3n6BZNTn2rauy8WPe9zO8U4s+q4ybbcvJUAVE9xXaQ8ZXMb8s3JEddx20VZw6+SIVKVlWNNXFkaB7aET1UtSq4tDToNOakqVLmB5eU2UeYX2+I8j5J1vsWMDRb4z56AbQmNdeN+XglRa53TwurHsg490RAg6ybm5nQ6WFkXXZCrEyjNThAbhmO1e4F5EiA0wGidZtP+5VW4dEKtarijlDhDGiGggMYBYW8o3KFZE7L5tA6jFgDOs9L2Ujm9Lqlhqjg7Xl922RTNy1uD+iXkVM342pR5I6AgCRfcckW4dxB1N0g+SEU8RLizaPOfy/NPY4gwlu07AlBUer9me02l7bt+rfyW8w+IZWZIM/mvBcLVdTcCD1W77N8bIIcD/U3n1A5rbp9Vftkc3Pg8o21WlBhV3sRGnUbUYHC6rvYugYgdVoyqVfC9EXqU1BUpoaLM7iMGqFbBlah9FVK2GQtBJmVqYcqm6jGllqK2D6IdWwvRC0GmBPZ9PmkiDqF9PguINqC3M9Abw5lzMNNzFiDzJCEcRo+yGYPDm5g5pBMi8OYI2I0A6otxWW95s+XwKC13GoJcZJsYn5rULhyGcJTDmB7TZwnbfb7+iiq0sh/m2M9RrG/wDdCuz1U0qjqDiA0y9knQ/iEjnr5laHEUpGl9lC3wytw1xDnU3Cx7zT1jvD5EeakxGHvMH8/wAlScSLts9t2zESJt9FosPUa5oc3Q+vUFQpuuQZQ4e5x/lHx+KNVHNps5AD4BKi3dY79pvGfZYf2YMOqd238v4j9PNDknti2Urm6MD2u46cXiC1p7okN8BqfNAsVRyiDp0/VRUMT3gfI29LoqGZxMEeK4825OzoxSSoCUzzMp1wRab+nVWq+Eh081JRp9LJEmMRBUI0GsfBVsS0xqREzp5ffVEaNIPdAuNCROnL9ekrv7qM4kaTE6aQCfKfVWnRTM47COcbOgbTv4nqrHD8FVeQ1jcziYLR7xFxmGzdNyNR1Ro0gbf3+Kf2bptp4hxbINQZXOBOuW3hpsn4s6bpi5waVouUewlYCXPY3/kfImApP/R1UCz6QEXu7/8AJRZmBpkOzM0J6E7jToqzWUYytD2jlJifI9B6IZZMflfqJc6aTZmcbgnU7EW/mBt66/JUKYdTcHMIa48rSDM9OfwWrxlJjHugEwLSSdf7rOVaH4szNJib6gARz6IFJX7Ri9y7KdHAEDMKdQiYMgTzkDcKGvScx8iS3WCL6adF6JwhjqrAXNDYiINzsZGyz3aaiyjVyjvSJyg8ybkbIo5HfIcZKEeXwB8BRL3DQkyDYWnW335Iz/gZmSbDSAp+CUaIYXtILpADTYiY1HqtPSw8suhlPkYp2rTMhWpmb6iyscLreydmk36krvEAM7oNpt5KNhAMSCfu6zqVPgJq0em9luKQQ2e67To7ktTVbdeUcAxUd37B2K9PwVf2lEO338Rqu3pcu+Jzc+PaxzmKF9NWWmRKa5q1GcpOYq72Ig5ihdS5KqLB76UqnicKCIIRd1NRPpqqLsBjCjkkirsOOSSqiWG8VTzBZXF0/Zu5AkA/oOa2JQniuEzDQIyoumZuvGXM0n2jbtIN5vBnUo/wriQrUw8DK73XDk4ajz1Hkg1BveIIuPlc/RRYXE+wqhxsyp3HwNDPdOvj5FWPa3IO4qhy1Pz+n6LnB3kOc2bPu0A2zD3h08ANirZufv5qPhlD+MJ0EujkdN9dVAL4DujfALxD9pHEfbYtzZswBvnqfnHkvacfVysJOwJ9F89YyoHF9Z8kvLnADqZWPWS4SGaZctlLLZaLgry4kEDXY+iz+DILUc4BWAeBYWOvQGAucnzRsfRZxeFlkxlmDB1HS0qjWqAMMnaFpzQ9oLGBZ3wILT5/JYPjILSGyPDeJ1NrT6qttstS8BHgZa05i5oG7TN/DqtU7C06tLM2LjXSx3nZY3hmFzMLy69obu4k7ch1RFlZxDKM5W5hmg7ATE+MIJNWMeN1YqnDqrKhLwfZHQgSR5jWTPqgp/h1WvadnCBYS6CbRqHCZB18SBuOLcTdTY32ZAe50QeUGSZtyE9VF/h/tqDhiAA9veY5uUO0/FFtlcJqzM3ztIuA4jM0SSYjW5jzU2ODQAYAMT8UI4RRLGg3IEAOknoJm50VnGVCYB2A36rLOTTYe1MrcTrydYhAa7ZNtZRHGPn+/irXAuG5yXWjW5gR05nX0TMTaVh0FOyZNNkOBhx1Jt0gKv2n4cX1HvNMjLAa4GC62u4y3N/kZRCsxjM2WbmTLibwBYE90W0EKzQre3pupPG1j1GiYp2BkxbkZbhGHa+s0UmQIA1mTuTb89FpcdgQ17XucS5gMDMYEiCA0QDPMyfghWH4bUa9r6XMAwcvd/mEdPVEsRcFsX+5QOaXXYUY3w1wgAyrnc5wEQ4t/wCNlEKILgSLg2MwjLsHlDo7pdJkcyNUPbRDBlBktAn9fFJ3c2hxaod0iDqvSOx2KzNc3z89D9F5rTZYXmy2HY7E5agH8w+dvmAt+hyVkozamFxs2NKxc3zH396qRV8Y/LUYdjY+dvyVgldxHMGEJjmqVNIUIQlqiLFZhNIVFlPIkrJakpRC5KZUbITwlCsozHE6GQ5hpv1HLwVGsGOzNsGuFjG/RajH0MwWaqUYLm/HkOaiG434J+zmK7rmOJzssQRq3QOF97DXXay03DWCXHwH38FlMRh3mKtIXbZxA1bvaeUrUcDrtfSzNdmBJvEaWPxlQvIvJR7cYn2eDruGvs3AeJED5rwGm64HNe0/tUqxgag/mLW/9gfovIMLh5LTE+Gn2FztW7lQ/TfaRV3ZdAbnlopeH96swAgtNrG8i+yZ2hnugCxPe8IVfhGHecoY4ZwZAiDPMO3ssyikrDzZHFHtXsm5HNAbAALYGrSLwec/ReMcWokYiqDObO70Bt4WW9w/FH/uR9mf4jAHOBu7uxm37wtaF58X1H1i+ocz3TOxuN4iOexTG1LkXGe1phnhDCGgOA0kdZ2UWIqu9q4gXLtNh5clLgqgnuwNQAcwjWLGSPBFn4drrg3+cFc3LkWPI7Ow8HrY406IHUQ5wzOvuPkAdrbQtHg8KwMLAHR4k68pt6IA6mG3m/RaXhdTwyxHWef6IIycuTNlwQxytLlmUxoqUakEyGe5IBEbAjSJMIbWx1VwLnASScwaIgnXwuCtP25oD2bXAE3cDGpGX3T0PLRZbDYkZBmzHcjU5SbA5byALC8ea0wVxsxTzOMmq4+SOi8kydUewLnCSN59Tv8AVDnUmODajHSwwQJ0JAtPM2MHRQDEPcLF0a8h/ZKyRcuuDbiyxpcWwvj3uI5Cd/zCu8MxNo0IVVzRlaJEwIHPqqbamQ3CSm2jROMfBrOEUAz2kuGQnOAfwzJcPCVNiqIqNzsPPp0Njos+zGGGmC4TzjwP3zRvhAOVxcbuM5Ro0RAHjzR3xyc+UpLLtS4+SM0pahPEKTsrsghx0m4n+yLcYwrqtBzabsrgRN4kTcE7c1UouqExUaLCJAjM4Re+xuUO3yM381QD4UXS7Nc78gZMwtNwN5bVB/CDbnf+wQalTc6q7uuYGgi+hJgyIsf7ovgGkPg8gfyK0Ym1JMGlso9B40P4YcFZpvkAjcT63VfF97DA/wCkFc4a+aTPCPS30XokzlsslJKVxEUKFyF0LpVEGJJ4SUIPXVwJAqyHHiUGx2GbnDjzE7eF0aUGKoyCqZEySgWxlAty0TsFTDW5RoCdPHRZjH4h7bEmBoBaT15o5wOrmpA7yZ8VYbjxZl/2uycGAN6jR8HLzGjFOBJIA2BPoBdeqftXYf3IuGrXsPxj6ryvBVXuu5oHnJ9I+q5mr+816f7SHjNy0GdJ5fArmEuQBp6nqY5BRYt2Z5Ow9VY/d4p5oN9DoOsFZHzVl5cW/wAjuH/xKpApmox1gCQx0SMpyzvHu6WWn4PwqnV4gc9MgBuYsOlgGgdeZ8PUF2ca+i72rxJ2BMa7CNCVuuCgOc/ENkgTEySG62A1Jt6bq1K5cGSLcpbfCBPa3gVJzmtw8hzDJDQQMgBdqRpcgRPuxtCHNFxJEdfuVWZxF374+u19QtLu6HOc6BNgGu924J1sHLVcb4UKrWYiiWllT3tgHCQT5kEEc0rUQc+Y+PB3NPl9JJT8+f5+hiuJMDtzcWgxF52NtPoi3CqpfY3EjXpcW8QFfxPBAQ0gAQALak6kk7/2UPB8M4HIREOPO/X4JP4FNLdKS8hHjmIaKUH3iI20MBY9uKc1rWCGgOzOcOUgkEctdCtZ2kpDLJGgjrZZZ1IkHLBJtGn06/BXGW0z5MUZx9yGOqlry2mA5sZg0aEEgATMkgn4EqTCUxOa4g+643k21FiPu6a6kaRa94knmNReXDzgeasVqrXiWANBPMZrAXjb+6PI7jwM0scbltfLRMaJL82v581LiMNmF1ykMp1uT6k/BWhWBB0XPlKSZ1IqPKS7BmHrlpLTz+4RGlxTIbX6JjsLJBgFpuTJkQdOpXcTQJyBuXKD3h0jbrZNcl57MWRqLo7Rxr3uIbUFLNAlzcwvPkDMXKLYai4Nhzs5GroAnyCHUKbWODi2QNvUzy5K+caXM7sS39J6HwttyT8c40Jl3wOe3mpMNTAqaXgC3nE+vxVPGYsvYHNbLmgNuMsxFhFp96CUS4JVDyHNm+vMEag9UcZXLgpqkbWoP/a/7FDwY/wW/wC7/wAirHEe7hj/AEgKtwkRSZ5/Ekr0Uf8ARymXV0LkpSjBHLsLkJwUIchcXSD0+KShBLq4FwafkoQckU1ieFRANxnB5hMTF4TuzZhjh/qn1A/JEa7SUMwAyVXN2cPiP7lQJPiiPt/h8+ArdGh//Ah30XjJdlbK99xlAVaL2HRzXN9QR9V8/YsFpynUSD4gwVzddH3RZr0z4aKNUlzjBMTY20nlcIp7eGNaROUyJ0A3EcjGyrUlP7IutblNh4dFilMe1aLlHvOawk5n3a0bARJPU3EeK9JwmFFKgGNtmtJ5brznslgs2JlwnKJ+QA6C69U9nm20ED6q4r4M+PHsVM8xx1NtOq4OmJIERveTO35ha/szjGexfRcczQQYOoDzqPB4zeZWe7XcN/jmx7w28ImfFC8K80nkEyCzvs3LH233kW6sVQeyVmucnOFHoVZmWWxcKjTYQ4uDZJ3VLH8ZNFlGYqyMrnZocQPdcBF5b4XBkqI9qGEQyQ4jcC2st8beF1nyKnfgrHK/b5JOPOzAscJJCG8PpAO90k9dPRWP37MbkZja/MptQDUOveRBtCzes76Nqwcdg7tfQqQ17qkSQxhDczQXEANIBESdP0QXDSwAuvGvInoPktPUxbS0S32kGSydSIgi21zG6E8TrNcc5YGtMRJM8hvA20HqtsZpxSMDvHldR5+RUqzSWutMGZkjTqbuG3OPR2GMTcwTJ6HdUsLSF590X3iQDBmfFEuHPaAyCb2NxGvLeYJnognBPoUtU8Lba5/35LVLHDQHyU7cUDqPSyfVwYkPboAQ4eMXA6AacihdWaboMhpuNxHMLNLFyMwahZn0FARsfVOaSNo8PzQr25kEZSN4JEeuqIYI5yA0zOk2168rpLxyXRpLLQLWi3qj/Z5oc4ACSLE7zsPQjVBhTMhttiSI5aeGq0/YzhjmVKjz7ri0gf0iJ+X/ABWzRRcsiQnO6g2Ge0j4pBvMgeiF9nOIio0tm4Jj+mU3trj8gcR+BpI/qNmj1j1WQ7LcRyODpv47bi69QuznRhcT00FOAUdBwcA4GQRZShEKE1PhcAUWOxbKLHVHmGgSoQnypLyzF9sMS97nMhrSbAi8eqSDei6PTpSTSuoihy6U0BdUIOiVQxVGCHbj7+SvhNqNkKEG4R+y8a7ccN9jjaojuuPtB4Puf+2b0XrTH5Xfeizn7T+Ee0otxDRJp2dH8jjr5GPUrNqobsdrxyPwS2z/ALnmVEUy2JIqCBGrTfbcH4WKc0edvkmvowZgDmR4XUtIfn5hcTIzoJGi7DEHEwd2kj4fqttV4jSZIJNg4kgEtEAEhxFgYIidV5fh8U+m4PpnK5uh8R+qjHEKpY6m5xIeZInrJnz+qPFlpASx2zRcS4h7er7VslrdGzliNrT69VV43VoVy19MZakQ4G4gaAHff1Q6i4sEbOEHRWcHw2o67GZgDciN+kylSySdr5DUUiLF1SKToaXRAAkjfW2o6dVUNAyCWQB3okzrIGY7ojiSWPDHjK52gIiYF4B+KbiyXyYjp4ABK3OPgjx75XY2mTUeDGmgGk/fzRSC4dB/f80D4eHAlxBgEAmLAmYE+AKMe0MADX7sPRIzp7jo6eMYwqIMxQg9030PwMfFC8dVJttrpvpqtl/gZqCoW5iWjNAElwkSQNbA6eKzGJpEuDduW33otONbUmxGVKf2kfDnAzLcxbBA6m199CT4ApoqDNDQ6XQIkGADMAACLoxg+BVXw2m1zpgkgHKIGk6Wk38FpOHdjGUxnxLhAk5ZgCdZO/lyT4QlLpcfPgzelii90u/C/YzGEzDU+Vze9jz2V2vwqvXLQB7uua0A7wb7ctka4hWwkZKdEOy3BgjzBFyh7sVVeQDUysA8LQJ1JPO5Kz3CMqu/7DVha9yjQz/0/Ta3IasuMTGgvfX7ujdPA02sy08oIveL2jXz+Kq4ShPIieQ5R6W0RDDYMxDjPWB11+9kPqctULkvyBcP7Sph/aMEPMgDez8tvRb/AIFR9hhWZrQwfAfPfzVTgPDRsIbcx4mSfMk+qn7QYsRkBgC7uQAXW+nYNqeR+ejFqcm57Tz3t9xEnLTB71R2d39LdB5n/wASgfCqns++BIBkTIE7jnH6qjiMUcbjHFs5CYHSm2wsdCdfFxRfHwBlGgsF0XKuELuuC1R7YYoEZXNa0aMDRljzk/Fb7sx2hbimwQG1W3c3Yj+Zv5bLyagLongcU6k9r2GHNMg/TwVqTBcUz2VoXmnb/jPtavsGnuM16n7+i3FbigOEdiG2mnmHRxER4h1vJeQuaXOcTvdFNi4o4Ekm0jC6goPg9rXANl1IpooQTlxJQg8FcKQSVkKmMpyJGy7gqjXtNN4kEEQdwbEKaohdYFjgRZUy0ed9ouEnDVnUniWG9N3Np+o0KD+ygwDMdR8V7DxjhrMbQy2FRt2O/ld1/wBJ3/ReXYnAOpuLHgteww4H1HiOq4OtxelK/wCl/wAo6ull6qrygc6AYJHLUeIM6eal4ZSz1BHh+ahxFJxdJuRp5mYO51Oq03Z3h802vi7SQTvEBZlSXA6cdvZQ4phHZu6Nr+EX++i23Yos/dmgCCJDtdfPpCgqYFpbJ3RDhFJrGASAfL480zTupmbK7iSHDZmA1g0kjvCJH3os2/heHe97aOdrmZpBB9nOkSbi5+BhaqjX9o0ObJBmOokgHwOo8QhbmvOIcTIYGQOTnOIJPkBHmeabkSaQEG/DMXxDBuYw5m97MBvGhvpB5eqkwlWWmDfQi+nOVqOItDgQVm2vFMlwbpaDHWx2A6+kLC4xujfiyOjSdk+It7zbZgdQZlumqk/cMLRquc+nJMvDnHuakxBMSJ0jRY/h9aKgc05RPu8hyHNa4Vm4mlF7jexjmtOLLUKfjoVlh7rXT7K1ftsXQ2ixrBpmJmPKBCH4wVKjh7V+ZusySJJmwECfFC8Rwl9J7iBIg+U6ee11boTAE6cwsWq1GSX3SOhpsWOKuC5LDiGjSVVqVJIH0urEONibeCfh6Jz5hFjptZY8VWHmdR5D3CMJ3e8ZI+4sreFLatQsYZLTDun3PwKgwOEf70+9tv6LQcL4czDtc4+84lxPiZhdnS6eWWS448s4mbIo3zyWKrxRp9fqvK/2lcf9nT9i138SsDm5tp3m3+qMo6Zlre0vHG02OrVPdbZrd3E6NHUrwnHYx+JrufUM1KjgLGwBMADoBA8l36SVLoxwVu2ansnQyUvaHWpcf0DT6lWsa+VLRZDABoBA8AquJ5JfbCj8kWG1Vys2yrYRqvVGd1EVZoeDYwu4biqe9OHD+lxBPxaT5rOYSmi3Ych1WtRd7tWk5p+H0lUqbHMJY73mktPiN/A6+aIAXsAkiFKjIBkJIqBs9HSCUJBGCdCQK4V0WVEOwnErkrkSoQTiqOKEg20+KuO6dfVQ1RZQgMw9c03SPMK3xfhNLG05By1Bo7cf6Xc2qljaWrhYj7uoOHcRv3TDh7zfvUdUEoqS2y5QyMmnuj2YTi3C6tB5ZUYQRcciNi07haLsZis7KlN0zNjrqAIv4LavNHEs9nVaD0OoPNp2KydbsrXwlX2tAmtS3aP80XFyNHAAbem65eTRODuHK/U2/wDKWSNS4YYbRhoF7WkodxPG0Ww0WfOu8i/mFNiOJGmDmE3kjdhO0XtoY2WPxlJ+Z1RxBfeNY70EkfLwWDJNQ4QEpuNM0LOKObEmxMed/wAlLhS4vc5ry5r75DJLTYWJNhrbwQrA4Nhp5HmSTmLhaHEWjw0RxlYMiGnQAkReBqkqb8sbTfgrcVwzmgd4Ek6DbzQ2jgdS4A/DzRTGYvfSdkIrOfUJuQEE8kU7Rrxwk0V8RTptkCPvayq8Nx7mVARYC0beCvUsCB1O/L71UwoiLAT99EiWpiujUsPyGPaMqt+iF1cJldYSNlLRsFNw1tV5LnDKzQDV09SLBKjkeXhoW08XKfBWo0zPu2mCTMeo0RPheAmwCIYLgpeenM6BH2Mp0Gzvz38l1dH9OlPlql8mHUavx2zmDwbaQzO1+SDca4s3K5znZabBJJ0gbn8lDxvjTQ01Kjgym3n93PQLyrtL2idiSIltEEgMtJOz3Qb+GgnzXoYQjCO2K4Ock5u2UO0/aB2MfmEtpN/y2mBbd7v9R+AtzJEcKE4kQLBpfPllHxK7RaG1HNjmR4awJ8/RT8AbNZ45MMebm/krfQ18I1za0ADoq9YSnezJCeWIEgfFHcJTV+tSgKpSddGBQlkoqAsr9izGNp9Q8f8AUo/2g4Y1rnVNJeB/1n8vVZOhi/3ep7b+S/xAv0utj2pxxDKbC2Hke0e3WHPiGnwAARroGRXoURlFwPRJA24Jzu8Sb+KSm4raenpFcJXJRAjl1NXQoWdC6SuLsqEGkqN6lKjcoQo12rJ9pMI5pFanIcDqOvz+S2NcW0lDsZRDgQdNPJUXF0zPcK7TMcQ2qRTds7Rp8f5D426rYYTijm2d3h8V5pxDh2V7mkWGmu+pXOD8Vq0QWAhwZfK73ch5HUR6XVDZQT6PVMRgsPiRcAOO4s7z5+az3EuyVUDuH2jQIjR0Tpl0MDqh/Du09CoYLvZP5O08n6b7wtNh+KPEXzD73WbNpcWb7lz8okZyh+5h+J4d9MSC5gFiDLCDsYMFXuE1nGkA4kwSZMmZ0udeS2/+J03iKjARyIDh8V2jh8LENaxo5N7vwC58/pTv2T/7Djnqe5ow1aSbhcqiPuLLeO4Vh3bfFMdwbD7g8/eP0Kxy+i5pSvcv1/8ADdD6jCK6Zh4FwYBtqedwSNU6iJIAa4mI5yecQtwzBYVn4W6zczfzKeeI0mCGgeDQnQ+iL+qRUvqfxEztDglarcgtvq62sbI/g+EspCXEHyDR6KvW404+6I8VmOO9raFGfbVgXD/42953/EaecLo4fp+DE7St/kxZNTlycdL8GuxfFmtEME/JY3tN2op4cE1CX1NmDXxcdGj7AKw3G+3laqIoN9iw2zTNQ6b6N12k9VnGUy73iXE3PMm5nqTceQW0COP5CfGeKvxLg+qZAkBjfcbPIc+ZN77KtTpyCOWkzte65gqMyI3ub6K/Qp8230+o+EjzUGdAnG0D3HjUW/Lz1U/DCG4hjtngt2194fJF34KZBuDfrNyfPXZUG4QuAbMEGR0cCIM9CPQ9FCPlGipb8k72c6Kjg8bnZpDgYc3k7fy5FG+BU8zwDuqSES4IcJw55Oi0lXBubSiFqsBwtgAOUKv2haylSc95ho13JOzWjdxNgN0TQFnn2EwYfiKbX/5dP+PV/opnut/3PyjqGuU5xbsRXc9w1nwH2FzilU0mGlAFaqQ+tF4/+ulPJoN+ZJO6s9msFeSq/AS+TQYbAjKPBJFmUyAABZJFQNlk+KS6krIJdhJJQgl1x32XElCHSmOCSShCGoFUqs+9EklRDP8AHsBnaXCzgbH72WKJyua/ke9vI/EPmkkoPxvgfisOAc34R8jefQyojiK1OTSqOZfQG09QbFdSQBEtHtxiWe+2nUaNbFrvUGPgr7f2iUwJfQeP6XNd88qSSsraiyz9omFi4rDf3W/Rya/9o+FmIrE/0t+r0klC/TRVrftJpfhoVSdsxY35FyHVv2h13f5dGmz+oueb6fyj4FJJQmxGJ4v2tx1VxbUxDoBPdZDG2OhDYkeMq5QaCwOgQ4W877b/AJLqSgySSXBZw9MjuHnaTuRy8vTdWcNQv8o6mAPv4pJKwCyKJDhYCR8T+cq5G411PkY+fySSUIS5Ih28iNIgmxUOIp5aoIiHQD539Y+S6krLRb4lgmwXg+zc3RwAixuCNx4q92Fxgry7em7K61juHCdjy2hJJQXkS22ehcc7QtweGNTLnd7rG6AuOknYb+SwmG4lXxDji8U4ObRj2dNohntXC0NnQayZOl0klTfIpdFDDNNWpmcZLjM9TqVu+C4UNASSQxLkHQEkkkwWf//Z'),
(4,'data:image/jpeg;base64,/9j/4AAQSkZJRgABAQAAAQABAAD/2wCEAAkGBxMSEhUSEhMWFRUVFhUVFRUTFRUVFxUVFRUWFxUVFRYYHSggGBolHRUVITEhJSkrLi4uFx8zODMtNygtLisBCgoKDg0OGhAQGi0lHSUtLS0tLS0tLS0tLS0tLS0tLS0tLS0tLS0tLS0tLS0tLS0tLS0tLS0tLS0tLS0tLS0tLf/AABEIALcBEwMBEQACEQEDEQH/xAAcAAACAgMBAQAAAAAAAAAAAAADBAIFAAEGBwj/xAA+EAABAwIEAgkBBgQEBwAAAAABAAIDBBEFITFBElEGEyJhcYGRobFCBxQyUsHRI3Lh8FNigsIVQ3OSotPx/8QAGwEAAgMBAQEAAAAAAAAAAAAAAQIAAwQFBgf/xAAzEQACAgEDAwIEBAcAAwEAAAAAAQIRAwQSITFBURMiBTJhkRRxgaEjQlKx0eHwRMHxFf/aAAwDAQACEQMRAD8A9ZumoUkECElCGKEJKBAV9KJGFp3CBGUmGXpwWOOQ/Ckm9kdwm7b1HcMx6KZ3V34ZB9Lsj5c1Vh1UMvHcEcikWc1OSLK+StFhFjeEWKyyVcDmyFRJDEGhVpEJlCQULzTBuvoqGm+g6BmU8vUpXCuoyJNeTuouCMmL8/ZPYCbQeaZMFGnMN9VvxSdFUupgaeavtiBGtU5IbDQpyFUEELTup7icGzQHYhGmAXdRuGov4KXXUgEhQgJ6JAdlCG7IogKRBkB2UIDdZSw0AfK38w9Qhvj5DtfgC6Zn5h6qb4+SbX4I/eGfmHqjuXkFM6a6sECsUIECgSMjw0EnQZpZSUVbIV+EY9DUX6t4JaSCPBUYdVDLwhVJMJiONQQC8srW+JCbJnxw4bC5JdQNV1U0XXNIcLXDgUuTJGeJtPgSaTVnkfTDFhFI2RrjxDNpGRB5hcfHBzncTLG2+C96H/ayHWirCA7RsgyB8eRXYhlkvmNSbXU9Np5xI0PBuDoQhkab4LohrLPIYiAkCbskkFCNW5oe0O0N/VNg2u0wSbQfqmHchNPDjfcMZMhwgaG6zvEuzLFIkEjhJBtBYyljfcJjpAr1q4QF9Js2HjmEy+IQ/wCYvoM3xjmPVaMesxT7pfqI8Ul2MDm81b+Ixf1L7g9OXgmbI/iMfkGyXgJG47XTLPF9L+xNjMlqCNtVHkk+FH7k2ruytkeSSTlcoxi11A2CcU4DShCJUIBliec2jLcgXI8lVOVOroeKFSBuXHxNvZD0lLq2xvUrojAxv5QmWKC7A9SXki5o5D0CbbHwLufkgW30Hsp7V1JbBFo5eylxBydKSrhQkbkCBgiA5bp30hjp4HMLu28EAAX9Vz9ZmTi8UX7hZvg8TdjYiuYnPDzu3JY4aeTdvoU02LwdY49bM5zr6l5J+U+SUflj1I6PQ+ite4wPhZ1j258PA1xAvtxaBYZeqrT4T/uKlKSqPP5HPY1gNbVdgiBoaeyXSt4rci1nEfZatNPHBJ22/or/ALF2LTTi7lx+bQpS/ZbUOtxS27mU9Q/3c1oW38S38uOX7L+5o9OPeS/f/B6j0Fo6qig6qUumF+wHNZGWt5G8hPtcXVe7In8lfqhlGK43fsdL99mOkTPOX9mlVynk/pX3/wBDJR8v7f7ICoqv8KEeMr//AFpN2Twvv/oPtJNnqN2wjwe8/wC1Byk+tff/AERUK1RmL2kiIWvaz3XIOuRZ+qfGpJ8V9/8AQJUOh1xnZWybIiQASP8AIJMNGyDogQRE/wD1Ik+3/fcb8zUhLdWu9FztVqJ4uZY5fbj7lsYqXRoXfiLRssC+Lwf8r/YuWmkzZxJm9x5LVh+L4V2a/QD0s2NQVEbxdjgeef6LoR1kci/hszyxSg/chkRZK5ObjdldpM2xh5oQnlfG5gdeCb47rTilJS5YrKN4IJvzK2qSatCVRFyJDCckSAS9Ag/hj+y7xVGWVTiPFcMnU1Y+tjXeICZTj3BtYAwxO0id/pJHsbo7o9mBxa7GfcWtN7OH84BCzZZy7MsgkRmJabXtcZ5LJJyvqWqhJ7BfVD3B4PM6TFaos4pahxc7MgWAHdkqM+rySlUW6OWm/JsV1VcFtQ4eYKpWocfN/mycl3VdN6hkVi3QWLgM/FXLWajItikl/cbezmZ8TbU3JdxHe+qz+lPE7YrZXvoWkEkDLuVyzNcAOk+zTAYquKSolaJGxymJkbhxMYWtaeORn1nt5A5Zd4t1YYNqvv5LccF1Z1OO4rDDaNsQmcNTNcxtta1ox2fQDRZMuow4pVGO6Xljzyyqkc/XdPJGN4bNaScuBvDYDkApHU58lp0U3Kijn6TSS8Q4zztcm3je/cg5S7jR+pZUuOyFxc17iT+K9rnLLI5ZWtbfPPPJfVl3Zai8i6Vy9WXMjc5zR2uFpI78xeyV5JPoNboNB0kq5YeubHePmB2uRda47OovYjJVZJ59tgTk1Zc4ZUvc0OcdbclThyyauTL4LgfnIJaVqhPkZocaLha9whsMSubDRsussObUTfyFkYIC+pIIssvrZ1Vyb+xascRyOsNtFtx6zIlX/fsVvCrA10LJGEltn/TbUnllqnyabBq4tyjT8rqBZZ4n7XwVbqTZeUePJjk48OmzorJfIFtDY3BsRoRkVojDxww774LOmxNzAA/tf5tPVboa+eKNZOfr/kyz00ZO48FzG4nNdjFKU1ZhkqCgLXGD6CHOYjMesdloVqxKoIEnyL9ebaKwAN0x5IkBGZQhZ4FLxB/iPhY9Vw0W4+4SuprnUrmS08XLc23+pqjkcVSGsOl4ezZa8DUHRTluXJGqqHE6ZaqvJnbfK4JGCoXMmWSeM01wBo192CNEs8Awp7mxN4vMlZ86TyOjn0OYbiMfXNjkd2XXAIOh8Ur07cd33Ek3XBVT4xKx0jQS6MOLe1v4FaFpcbUfJI8rnqL4PXxscSd9k2owzkkkNJBqrFOsla1r+Fv1HuS49PsxttWyVxZ6d9hMobFWRtPE1tQ1wP8APGBf/wAV1cLbgr8FsHwjvsTo4ZbiWON+Wrm2d5PbYhJlw45/NFDP6nF4r0BoJTb+PCdf4UzZB5idvFbwVO3HHt+4KiUr/s4hDiYa8tuMxLTu0tu9rwPZVT2PhphUU+5lL0CnbfhqaZ4Jvm57T6cJ+VnyY4yXH/fuPGD8noWAYd93pmwixdk57gci7U23tsL7BPBbYbS1KhyOO2oRjXcYQqaRze3T2v8A4T7hh/lIHZN/LwVGTBBu4uvoRNoW6+pcQHQNaLi5DwbDfZVRxtc2NZcumAFhrzsVpcklQtGCfucfIIJkohLxbA+ZH6FZM2GnuuiyMgXV8yB6/sqfTxd5fZf/AEsuXZBwHWycAP5c/k3WiMYJe39xeX1MkZYDNxJcBmdt8hktMZRUG/C/IrknZBePc7dmwG4KieaS6Doi4AhasWZZcbiyLhlrhE12WP05fsu18IzOUHB/ysxaqCjO13LFegS9tmQqainuSe9boxSSRW3yCbTpqAYaVSiWQfRjkhJqKthSt0HpIAy9t9V5pfElqc0oLpE2qCiuAsoBVjfIRfqs1E2QyRpO+1lny5ZLsPFIG2Ern/8A6c+mOFv9g7URdKRlcI+tr3zaX6DqEPB80Y1jQcA1mQC9Jp9K48yOPQem6n7sC82dcm+/cq5+p6zUehRJS3cFW+tLhw3yvpzWpYlHktUa5Cswt5sXDhB3Ow5pXqIc1yyb0CnjY0nVwGQJyv32TRcmvAyto9V+wB7BJWMYTmyBxB/ymUZf9yvxuX8w0b7nrT6cl175clXlk0WxijT8JiOb28Xj6LDkku5YkhGpweC9+G1u8rJ6sVKm3RasdroaGDRCxaXjwlkt6cVltUPDZVx4GmQG1r5crI7X5DaIPhI0z8RmglTDZGXTLXyy9UZRTABGWuZ52A+FRSQwR8hNkW2w0gguT+qPVgG3MaWk3HwrcmOGSFtixk0wUNOw9/ms8NLjk6LHkkhgUQ2PrmrXoklwxfWIVEfDmdgT7LNqYvDgm34Gi90kVocvDvIzfRK6rbbBQCZ1ldgntlY8UN9HZbueO4H5Xf8Ag8160vqZ9bH2xZc1spaxxGZsbeOy9BrtT6WCTj1ow4o7ppM5akx17HBk8brHR1svNYfh3xq6hld/U159Gmt0DoeyRcbr1CkmrRy2q4MACJCMjwFxPjeujgwOKfLNGDG3yDvYXXlPg7UW2+rNLISSLvtgoG11yipEoNCL+C5Ll+LyOP8AIuv1f+Ay9vHcUq64A8Iz8NlZLU4sT2QX2LIYnVlfJOb6Kfil4H2Hjtd9kOIAnhaxw2LXgg+RsQvW++Pazipvuird9nGIjKSMMaNXOLrAc8gq5Z4w5cX9iWl2LJ3RGihp3OfKXyDMv/C0Hk0LE9VmnP28LxRVLL4KegrBLE5pN3M0z1bsplxPHkT7MDi0ylqgtsDQjvfsBn4cSkZfJ9M/LvbJE4e3EnyK48FkT6Et3Kt8qpKxgcjQeY9wsebTY5Li4v7oeMmjl8fMzQeFpIzzGfnkvN5sWZTamvbfU6mnljffkD0axUuHVSfiH4SdxyXT0Gqr+HJ/l/gp1WDncjpOpdroLZldhxk+V0MHAKpbob38MlVl4GiDae4JIzYzRF8HfullZEE6hvCM8+WafbFxu+SW7NsIA09UykkgNOyPWA5JXJMlE42i99Eqq7QeRwSK95+Ogm0DiBswk62t6kLk/FMjWnk2X4Fc1RUsXjGb2FCViMhLayaI0epvo1m552sB7rvfC1WVv6FWt+VIu6x3ZW74zmcNPx3MWJe45uvq7dk6rzGODlydbDi7lM/pK6E55t5L0nw/W6jFSTteGDPpMc105OlwvE2VDQ6M3vtyPevWY9Xjnj33VdTiZMEoSplkylF76n+9F5bXR/F5vUiunQvjNqKj2IVLCPC4/Zc6ODPg1EXNcFkGmVz5cl2Nw1E4DcgLHrc8kljh1lx+gUuLGcRk4I7N1OXh3qZY/h8NQ6i4lulbKRmi5cFwbGAdWMBtxD1TW12DtZ1bpCF9Jo4JsTqBAztjcLOjY4d7QUjS8A2plbNglG696WLPXsNH6KqUIPqienHwU83QzDybmlj9FU9q6FkcSG8A6OUlPOySGnZG+zm8TRY2c0ghIstySHeJJNo610gCM8iTFSIdYFT6sWhtrK/E6YlpLSQe42XJ+IaWTjvxtpmnBkSdS6HNNqe1Z5vnbP8AquJjyyv3dDoSgq4LqnaCMifVdzC00qZhnw+RtgPMrZFvyVOifCeZ9k3PkUmIQdb+qKxqXUF0SbTD8xViwxSu2DewHVKlQGsKyFWLGBsK2MJ1BC7g7GBOoIFiGNus0Dv/AL+FwPjs6gorya9IrlZVNK8qzcyYkQoXaK1tSACFbjxtux4QLXo3T8MfFu7PyGi7/wANh1l5/wDRi1krlt8DWJzWFlR8ay7tsP1K9PC2cTjc5Ge6x6aHY7WPhUcXjdSXC67WmxpOhckuBz7NMcMVT1bz2JMvB3NWa+EowU4P8/qjHKG+LXc9shcOa26GeJcuSo5U0xfFJ29W7Pb4VfxTWYZY1FS5vgt08Jb0UbuayJmloZw89vyWWXOrh+TBJfwxKulLpTnpkFh1eSU8zp/QvxxUYIFKAQQMkIZUuIjUUUmDNJJsfVOs0yy0egPC+jnngdkGiWRcFXKcY9WMk2DcFnefG/5l9x1CXgEQkbT6MdWupGI2e094+VQ+JJlvVFpKM0MvUpiLShYMlotQSJ9wrsWTcqYGjl+k1FwnrGjxXE1en9PJa+Vm/TZNy2szo7XcXZOqbRzcJ7H07E1EOLOjYuzFmJhAE4hMJ0yEiVbYoAGxSJhNg3RFGI06AHYrEgFLjsnaaPH9P6ryfxublkSOlo48NlaHrhUbKISzWRjEKiL0NM6Z+nZBzK2Qx37Y9RcmRQVnYQtsLDZd3BFRVI5E3bspMems63cuNr/dn58HR0cfbZxddIZH8I3VmJKEbNvQ5fpDHwAi+hXV0kt7sqyPgoaWYte142N1vyRUouLKoSp2dtS9NHZDizHeuLP4bXKOgseGa6F/Dj5e03OZC589LUrYstNBcovYn5eOa60X7UzkPqN0J7fks/8A5UX9GGXyC88IEhu4C5vmsupwJZb3deSyMvaQkDdbhZ3FXdjoCZWo7l5BTOnIX0jLnjjXPU4iVmwxcfU6zLLhOvy/yWxil2A1LrLzWslJSuTNGNWV81VYXuuZ6s74NUcaK6TFW5jdaMc8sVw6f0LVjQs/FwN7+i6Wn+I6iPE/cgS08X04Otgl42td+ZrT6gFeihPfFOuxy3HbJo1KFnzRChRzisEpNMtI1cQkjLTuFdkj6+F+SQeyVnEUrzDN4H9Vx9zpS7o6cluid9AbgHmvQYZKUVJHJkqdBVaKbBTKRDbnJnPwCgIOaRSGaJsTKQtDEYVkWK0MNVu6hTmMck/i25Ae9z+q8Z8Te7OdbSKsZXFjnaC6wxjZpbS6jlNhJdm82H5R+61Y9PJ9eCiedLoXlPE1osBYLfixRguDDOTk7YcHJa4uosra5OS6TTfxHdwHwuPm92eT/wC6HW0qrEjjJJyCStagmqLpM5uvgc95cXEg7HTxXSxTjCFJGaSbYtLEGhWxk2wpFCaoteT3rf6acRo5WmdPhOMW4RfcfK5eo03U1xy2j16mOVuXxsscehypdQrX2IPIrNqONs/DGhzaIYoy54wqtZDdWRdB8Tr2sRJXPLgRenoB3ByXvMijjTcnycNCk9WGrzWr18E+DXjwtlFieJG9hl+gXId5nufQ3QxqKKSuxAkWvorseFWWpFLUVpW2OJDIrpKorRHGhrPV+itT1lJC69zwcJ/0Et/2rsYJXjRxs6rIyykKryyK0KSLBMtRKMiyv08lVAkuTjek0FpeIbrl5VtySX6nRwO4HS4JPeFvot+iyfwkvFmPPH3ssA9bNxTRMOTqQKIPcllIiQMFVqQ1BmuVikK0MRlWpitBwrL4EKyeAFxNs7rgZsEZZHJo2Qm1FIi2LkpDD4C5B2tsrvT2orbsI0ZI1wI2ZLk3xKaXECR5ZweOv4pX+K5F+9v6s7WJVjRzlVEtcJAkVFSbArXBWypiuG4dJWS9VGMhm47ALdjg106lUppFN0q6Py0klntIafwu2K2Ypfyy6gk01uXQrKKps4Z7j5TZMdpjQyUfQdGcwebWled6FLGjulmk00yJ0xYyluRzHwsUJPGtsuhe0pdOojUuz7lTOK3cDxFy9ChjtKqp15Lr6/W+pbXCOVixlLVVWpvzXnknOVs6MY0c9V1IW3HjZZRWzz3WqMKAI1CvgSxKc2Kvjyg2ek/ZxUF1KW/klcPJwa4e5ct+nl7KOdq177OoeEchnQtKsGTqWxNRt3T4I1ySTOY6V/jaO4rBqn/Gf5I3aX5Swwhtom+F/VPp+IlOXmTLFjlsjJlDQUOWiCbEfBtyWdoK5IgquxqCsKdMDQ1ErosSQwCrbKiuBuuVdvk1VRMBX0k1QCRCXIAIMgh0VidWBmdoku2kPBHn+KVLeNxv9R+Vy4xbbO3Fe1HMYpi7G3zF10MGmlLsVyaicrU4j1ruFpy3K6sMHpq2ZZ5LdI7noz0lho4uBjBzc7dx708JOPPcrlFMR6WdMoqiMxuYHDv28EKnNpjR2wR5ZUvs67RkulBccmaUqfB9IYe/ss/6bfgLy+RVKi4bvqq5dCIBKqJRTRYnRXzNI0WRxaZbaYm4lHgJb4lXG9tlRG58srhBIpaqpNlpxwVlyRVyvWpIIEpxTZF1CClZTcVrEhXY8ldSHZfZa8gzxu34HDy4gfkLoaOScmjFrF0Z3UoVuaNGNC72XWGUHLoWJ0YRwtzVqSxQbkTqzjq95mqLDMXt5DX9Vw23kk5eTpwXp4zoI2WsFvxxpUY5O2MMatESth2haYyK2ifDkjL3Ii4A2WRlpNhTJgaGoirYS8CSDSGwVkpVErStiobksco+0vvk01VKTTCyd0++xKN1DrBTJKlRIK2L1ByPgmwx3SHXCPIsf+zysu4sncQSTYnmbrpY0sfDgi6WVy6SOKrehNaw9oF3nda4549NtFEoy8gYMGmYc2O9EJy3ETocqKOVrfwn0VVDqRVPpnk5gqxNIFhosLJ2QeRho90pHjhYR+VvwFxM69zoeIwX6rPIcE5yq7BAvSUMLOYq3BDWarX3N1nxqkFFbLcrRGkPYnJGr0w2DbFmmcgBRGk3ENOaimQveg0oFQ7P/ln2c391v0N73+Rl1S9v6noTCHD1HobLse2aOdyiLgAqGoY022MrZzON4te8ceul/wBl5/V6r1nUfl/udDBg2+6RHCKHqxd2bjvy7k+HFXuZM2Tc6LMLSjOyYKsTAEaVZFitE0bIQkConwx0YxJYRqMqyLorkicrrmyslJyYsVSswMsFGmo8ku2CAzWRrksvgg85pH1GRGQ6IcsMSEsgDhfS4/ddHTKqbFfShl9Yw8l1Vkiyna0LP6t2oCtW0R2KyYdC76Qn2oFsRqsEjIyAU2oKkxB3R6E/SPRDZEO9k4+j8I+keiR4ojeoxaJ3D2eRcB4Arg6pVJmqDtDLX5LG+hYR4knYJB5SDC7ilCDqoyCbrNBjCxarBgMrQniyAsgn5IAnl5FPGIRSWrsFdHHZC46BSudVcQBLQ0hzrZC5FrnyXQ0uNxnZm1TWyj0VriAbcyrc2Nv5XRii13Ea0SPy4rNOtlyM+DPOXMuDTjljjzXItFhzWm4GaEdKouxpZ3JUNWWhFRsIohMFPYAjXKJgomHJrBRJwQkrQUZGFVQ1hmKIVm3P4TdWp1yLVqjXX33StyYdlGmyC6GyV9AtcAKipa27nZAC5PcEVppy5JaXArLiIMfWsaXD6RpxE6K6GmSjyBS7FLjNRIGgOyebE20GWgVWpybKgjRhjfJS/fpG7o4ZysecUEjxh+5XWhJ0ZJRGo8Wcd1apCbRtuKEp9wNo3FVA6o7gbRlsjdlHIlHHyVNqh7CcxI8Dva4Bw+VyNXFO2acZaRyLmPoXGw/JV9hu5Bz0g1C7ik5CdRieD3zZn/lXV1/waSe/B9jFh1PaRzFZDwHMW8VxdsovbJUzcpJ9Cnqqgc1phBjFTU4iAdclrhgsllfV420fUtGPSSfYR5IoHQSiZ13v4WbgfiPhyVsoLHwK530PSOj+NQt4KeFnC0m2W51uTucloxZ18iXUyZYN+5nYxuzcPD4VjRnRF6onEZMgWrPKI4MhUtDpmggExQhMFEARiZIgYjJWOPApKNLt4I2EiGaqirJJ8C2KDsjxHwVqxRXIIsUZYWF/dXwiq5JO74DiRu9vVNSsXkysmiczhcW2JFxfUX0Te3uCmJ1WIRiwYL8OnK/OyEpPshow8nO19U+Q3IWSenc3bNUJqKpFZKxx2Cux4KBKdgHUxOpPktaKWTa0hMhRuEFMQeYNuJQg20EDIoMhx/TGme2VlRHe+hHMgG1wsmTbypdCxJ9UL4X0l4gHOa4XvxaWBaPXPkqMmgde1kjnXcvIMSY8Xa4EeIWGWlyxXMWWrLF9GFE4O6yuLXUusG6VVUwnoc5Oy9xOzixOT6TYW+Vps4g8wuXnwbnbRsx5KPLMYwCsaTaV5COP048Sgh3OT6SOfnwmp+pzlpWXEukSt733BswKS9zcovUx7AUGW1HRPZsVkySUi2PB03R0uFRCdutjv4FwB9lRCDU0/qGUriz2OIb8wPa/7rfJGJG3hZ5IdEAFS0OBdqs8lyOjLJXEJqyUJNoURArEbAGBT7wUEYMk+64ivqTh3VcFw2CXYI2AOGYuuposacXaKpyafAJ+FNP0ha/w8H2F9SQCTBG7Kfh4rsH1GKPwYBT0kHeKuwixSvGHcDfhZtkErxjKYpNhBU2B3ibsLIU2A3GDD7JtpNwaKhU2gsY+7229kdpLNGl3z8kNo1iFRhTX7Ovz7+aoyYtyGWQ5F+APgLwRdriXA2Qj1V9gPo6A4XQ2Jt3+mdvla1ubVdDO6rkac1wGV7/1snnCMlygKTXcIGOVf4bF/ShvVn5PWQ5aKENPhuq3ANik2EMdqErxIO9iE3R+M/T7IehEPqMVk6Nx/l9kjwRGWRgndHo+Xsh6CD6jIQ9HrOBAGRBHkh6BPUOmp33APj7GyWS4EDOVE0OgYCzMsBuCpbGNhSw0YWJGEmWIUQ2xuahAgaolYLCaJmtqB1JxHIqQftYsuo1Taef6f1Xb0kfZZRk6h1rSoQy6hCJChAboQhQbBmEIUGwb4ApRBaWmFswptBYsaMbBTaTcLzRcP0k+Cm0Nk4y3dTaSwxjaUNobF3xhTaCwT6a+Vr+KV40w7mivqMEYc7WPdkl9HwHf5K2fADq0+oSOOVdGG4eBB2FyjKw9Sh/GD7D0kMW4oGGNChCfVhSiETGpRAZiClEIuiClEIGIJGyFWJg2QMtbtvb4ZcQ9VjycOixdCwVE+g6INCyssBvCzyHRtqRMNBN0XJAoI5FtEoxgzQRGTAsmTrkUi8qvJKxooyM5J8EXJ0gS4D0NU3gvzLvkj9F3cElGCRmkm2MdeFfusWgYnzRslBRIpZKN8alkoiXqEogJQiRkS5EAtOBr+qNEBNcCMiD4WUogv1Zd2hHwuH5iM/MIUQahvbtNsVKIac0FAgGRwChAAf3ghQhj9NFCCpaeShC8arAB4u9QgWyhDCQoQ1cIEIEIOyG2tUSIc90kY6NzZW6EtJ/05H5b6LFq7i9xbj54G2VbTw5/iFws7aaGDN1Wd9RyLwsuRcliMAyVTHRq6Sw0T4kLBRJjkykBo29+SZz4oCiYc1IxcmkToSdK2NhL9OfIDddHTRWKMpSKZ3JpI41mKEaEjkq45vBc8ZOLHXg5m49Fpx52JLGiyp8dvr+61KZVsG24u3mn3g2kmYw3mPVHeDaSbioOV0VIm0MysGxTpi0TNWE1igDUcWTrEI2Q3CWt/CAByCNkJT4k1gub+W3jyUsgFuLgm39+qlkGWTByhCLowUCAXxn6bDmCFCGpHZaeiJBI1A7/AEKBC9BVgoxGLoBCFveoQH1RvqoQMWoMhprAEEqISATEA4hRiVhYdxkeR2Kry41OLiwxdOziqqnljDRo5jueVjuPQLjzhKHD7GlNPlFhT4m4Dttucvw5XuPZIpc8hrjgbirA4XIty594I2sq5wbQyYdkzSNVV6Mmg7lZousc8vHJVSwzXYfcid1PQyPswbkaBs6xyJ0vvfknWky3VAc41dhDEeY+dM1pXw6fdietFBAAIzI7sgAkg52ttkbHlktmPSQxx3yKpTbdIosarxKBEw5C3E7ZzuQ7lk1GVZKxw6IvxwcfdIo6unAColHaWp2VTzYpYzaYzQWGS2mS6eKdozyiORVB5q4Shlst9giAkAL6IoASMWViQjGGzOGhv4pgBOvKZAJsqraj0zRsFG31MZtfyujaIac2N3LxClgDRPsMjdGyBm1KhDZnBUIQeSoQAZ1LIXrlbQoeFSiE5G35IUQxrbbqEJXStBN+ChCXFZEhnH3KEEa6mbILEZqrJiU1yFSaKObDXtybYhYJ6aS6F0ciFzMWWBFs8+IHfU3Hiq6UVUkNb7BosQZbhaR45XspBxSpkad2Gnxdotc8VwBlbIXGdzYKyWSP5gjBkP8AjLG3HE0DQZg3vb05eab14JVYPTkzJcfj7JNhwi2xuT+I2bce6D1cOGw+jIXk6VsDSGi/ef3VT1rqoxH9DyyjxHHXSGzzYAABoyFhpl+6y5ZZZ/P08F0Iwj06g2YmB+EXQTjHoFpsSnqXOVErbHVAc0FEaw7IrrfgKJkgC3vWsqGqeUFEA02RMhWFbIrEKwjXoihWlMgGcVkwCXWA6hEhuIDf4soQmDyJUohIF3O/j/RTkgJ7HnkpyAy8g3R5IBdKfyn+/NCyHVGRXCk2SKECh6hCQffVQhIPQohHrLIVRDbnX1RIbBQIRL1AkHFCiC00QOoSOCfUNlbUYWw/SqZYIvsOskkV8mDtPcqXpoDrKxOXB+SR6aI3qsWkwsjSyR4Eug3qCwoCleJh3gpqMjkkeMZSMbTWyS7A7jbqdD0w7jbIAVNiJuCiAf2VdjVCydheqV9lbBmBMgGMuEyASfM4aDi8wPlG2ugrBy1DrXLSOeYRjJvsKFo5yefmrEAebKeXuEwApAKJCUbANAoQIW/3dQBsOUIEBRIac5GyASAoQ//Z');

/*Table structure for table `ingredients` */

DROP TABLE IF EXISTS `ingredients`;

CREATE TABLE `ingredients` (
  `ingredient_id` int NOT NULL AUTO_INCREMENT,
  `name` varchar(100) NOT NULL,
  PRIMARY KEY (`ingredient_id`),
  UNIQUE KEY `name` (`name`)
) ENGINE=InnoDB AUTO_INCREMENT=16 DEFAULT CHARSET=utf8mb4 COLLATE=utf8mb4_0900_ai_ci;

/*Data for the table `ingredients` */

insert  into `ingredients`(`ingredient_id`,`name`) values 
(13,'Butter'),
(4,'Chicken'),
(10,'Eggs'),
(11,'Flour'),
(8,'Garlic'),
(14,'Lemon'),
(2,'Lettuce'),
(9,'Milk'),
(3,'Olive Oil'),
(7,'Onion'),
(6,'Pepper'),
(5,'Salt'),
(12,'Sugar'),
(1,'Tomato'),
(15,'Water');

/*Table structure for table `recipe_ingredients` */

DROP TABLE IF EXISTS `recipe_ingredients`;

CREATE TABLE `recipe_ingredients` (
  `recipe_id` int NOT NULL,
  `ingredient_id` int NOT NULL,
  `quantity` varchar(50) DEFAULT NULL,
  PRIMARY KEY (`recipe_id`,`ingredient_id`),
  KEY `ingredient_id` (`ingredient_id`),
  CONSTRAINT `recipe_ingredients_ibfk_1` FOREIGN KEY (`recipe_id`) REFERENCES `recipes` (`recipe_id`),
  CONSTRAINT `recipe_ingredients_ibfk_2` FOREIGN KEY (`ingredient_id`) REFERENCES `ingredients` (`ingredient_id`)
) ENGINE=InnoDB DEFAULT CHARSET=utf8mb4 COLLATE=utf8mb4_0900_ai_ci;

/*Data for the table `recipe_ingredients` */

insert  into `recipe_ingredients`(`recipe_id`,`ingredient_id`,`quantity`) values 
(1,1,'1 cup'),
(1,2,'1 cup'),
(1,3,'1 tbsp'),
(1,9,'1 cup'),
(1,10,'1'),
(2,2,'1 head'),
(2,3,'2 tbsp'),
(2,5,'1 tsp'),
(2,6,'1 tsp'),
(2,8,'1 clove'),
(3,4,'200g'),
(3,5,'to taste'),
(3,6,'to taste'),
(3,7,'1'),
(3,8,'2 cloves'),
(4,12,'1 cup'),
(4,14,'3'),
(4,15,'4 cups');

/*Table structure for table `recipes` */

DROP TABLE IF EXISTS `recipes`;

CREATE TABLE `recipes` (
  `recipe_id` int NOT NULL AUTO_INCREMENT,
  `user_id` int DEFAULT NULL,
  `category_id` int DEFAULT NULL,
  `title` varchar(100) NOT NULL,
  `description` text,
  `instructions` text,
  `created_at` timestamp NULL DEFAULT CURRENT_TIMESTAMP,
  `image_id` int DEFAULT NULL,
  PRIMARY KEY (`recipe_id`),
  KEY `user_id` (`user_id`),
  KEY `category_id` (`category_id`),
  CONSTRAINT `recipes_ibfk_1` FOREIGN KEY (`user_id`) REFERENCES `users` (`user_id`),
  CONSTRAINT `recipes_ibfk_2` FOREIGN KEY (`category_id`) REFERENCES `categories` (`category_id`)
) ENGINE=InnoDB AUTO_INCREMENT=18 DEFAULT CHARSET=utf8mb4 COLLATE=utf8mb4_0900_ai_ci;

/*Data for the table `recipes` */

insert  into `recipes`(`recipe_id`,`user_id`,`category_id`,`title`,`description`,`instructions`,`created_at`,`image_id`) values 
(1,4,1,'Vegan Smoothie TEST','A healthy and refreshing vegan smoothie.','1. Blend fruits with almond milk. 2. Serve chilled.','2024-05-26 17:28:05',1),
(2,2,4,'Caesar Salad','A classic Caesar Salad with homemade dressing.','1. Mix lettuce, croutons, and Parmesan cheese. 2. Add Caesar dressing and toss well.','2024-05-26 17:28:05',2),
(3,3,2,'Chicken Soup','Hearty and healthy chicken soup.','1. Boil chicken with vegetables. 2. Add salt and pepper to taste.','2024-05-26 17:28:05',3),
(4,1,3,'Lemonade','Refreshing homemade lemonade.','1. Mix lemon juice, water, and sugar. 2. Serve chilled.','2024-05-26 17:28:05',4);

/*Table structure for table `users` */

DROP TABLE IF EXISTS `users`;

CREATE TABLE `users` (
  `user_id` int NOT NULL AUTO_INCREMENT,
  `username` varchar(50) NOT NULL,
  `email` varchar(100) NOT NULL,
  `password_hash` varchar(255) NOT NULL,
  `created_at` timestamp NULL DEFAULT CURRENT_TIMESTAMP,
  PRIMARY KEY (`user_id`),
  UNIQUE KEY `username` (`username`),
  UNIQUE KEY `email` (`email`)
) ENGINE=InnoDB AUTO_INCREMENT=6 DEFAULT CHARSET=utf8mb4 COLLATE=utf8mb4_0900_ai_ci;

/*Data for the table `users` */

insert  into `users`(`user_id`,`username`,`email`,`password_hash`,`created_at`) values 
(1,'foodie123','foodie123@example.com','hashed_password_2','2024-05-26 17:23:26'),
(2,'bakerqueen','bakerqueen@example.com','hashed_password_3','2024-05-26 17:23:26'),
(3,'souschef','souschef@example.com','hashed_password_4','2024-05-26 17:23:26'),
(4,'chefmaster','chefmaster@example.com','hashed_password','2024-05-26 17:23:26'),
(5,'adminMaster','admin@email.com','adminpass','2024-06-29 16:41:15');

/*!40101 SET SQL_MODE=@OLD_SQL_MODE */;
/*!40014 SET FOREIGN_KEY_CHECKS=@OLD_FOREIGN_KEY_CHECKS */;
/*!40014 SET UNIQUE_CHECKS=@OLD_UNIQUE_CHECKS */;
/*!40111 SET SQL_NOTES=@OLD_SQL_NOTES */;
